releaseDate,evolutionId,evolutionName,player,playerZh,slug,rating,position,baseDate,basePrice,priceD0,priceD1,priceD3,priceD7,peakDate,peakPrice,peakReturnPct,sourceUrl
2025-09-19,10,Rising Guard,Guéhi,马克·格希,marc-guehi,82,CB,2025-09-18,716,789,670,720,2638,2025-09-26,2638,268.44,https://www.futbin.com/26/player/402/marc-guehi/market
2025-09-19,10,Rising Guard,Konsa,安斯·干沙,ezri-konsa,82,CB,2025-09-18,2469,3318,1568,1927,1013,2025-09-19,3318,34.39,https://www.futbin.com/26/player/403/ezri-konsa/market
2025-09-19,10,Rising Guard,Pedro Porro,佩德罗·波罗,pedro-antonio-porro-sauceda,82,RB,2025-09-18,702,803,695,683,751,2025-09-19,803,14.39,https://www.futbin.com/26/player/404/pedro-antonio-porro-sauceda/market
2025-09-23,14,Passing Prodigy,Mancini,詹卢卡·曼奇尼,gianluca-mancini,83,CB,2025-09-22,850,819,750,805,815,2025-09-23,819,-3.65,https://www.futbin.com/26/player/205/gianluca-mancini/market
2025-09-23,14,Passing Prodigy,Rrahmani,阿米尔·拉赫马尼,amir-rrahmani,83,CB,2025-09-22,850,819,750,750,750,2025-09-23,819,-3.65,https://www.futbin.com/26/player/279/amir-rrahmani/market
2025-09-23,14,Passing Prodigy,Hincapié,皮耶罗·欣卡皮耶,piero-hincapie,83,CB,2025-09-22,96570,98933,99550,98995,99730,2025-09-28,99978,3.53,https://www.futbin.com/26/player/398/piero-hincapie/market
2025-09-25,15,One Shot,Guéhi,马克·格希,marc-guehi,82,CB,2025-09-24,833,1465,2638,1344,885,2025-09-27,2671,220.65,https://www.futbin.com/26/player/402/marc-guehi/market
2025-09-25,15,One Shot,Konsa,安斯·干沙,ezri-konsa,82,CB,2025-09-24,1450,1220,1013,1042,941,2025-09-25,1220,-15.86,https://www.futbin.com/26/player/403/ezri-konsa/market
2025-09-25,15,One Shot,Pedro Porro,佩德罗·波罗,pedro-antonio-porro-sauceda,82,RB,2025-09-24,750,750,751,750,750,2025-09-27,763,1.73,https://www.futbin.com/26/player/404/pedro-antonio-porro-sauceda/market
2025-09-26,17,Relentless Pressure,Guéhi,马克·格希,marc-guehi,82,CB,2025-09-25,1465,2638,2671,1421,977,2025-09-27,2671,82.32,https://www.futbin.com/26/player/402/marc-guehi/market
2025-09-26,17,Relentless Pressure,Konsa,安斯·干沙,ezri-konsa,82,CB,2025-09-25,1220,1013,1169,1037,1032,2025-09-27,1169,-4.18,https://www.futbin.com/26/player/403/ezri-konsa/market
2025-09-27,18,Long Ball Pass,Konsa,安斯·干沙,ezri-konsa,82,CB,2025-09-26,1013,1169,1042,1040,1550,2025-10-04,1550,53.01,https://www.futbin.com/26/player/403/ezri-konsa/market
2025-09-28,19,Footwork Phenom,Mancini,詹卢卡·曼奇尼,gianluca-mancini,83,CB,2025-09-27,806,791,800,775,753,2025-09-30,815,1.12,https://www.futbin.com/26/player/205/gianluca-mancini/market
2025-09-28,19,Footwork Phenom,Rrahmani,阿米尔·拉赫马尼,amir-rrahmani,83,CB,2025-09-27,750,750,750,750,750,2025-09-28,750,0,https://www.futbin.com/26/player/279/amir-rrahmani/market
2025-09-28,19,Footwork Phenom,Hincapié,皮耶罗·欣卡皮耶,piero-hincapie,83,CB,2025-09-27,98741,99978,97667,100000,139849,2025-10-04,140000,41.79,https://www.futbin.com/26/player/398/piero-hincapie/market
2025-09-30,24,Iron Will,Guéhi,马克·格希,marc-guehi,82,CB,2025-09-29,1421,1979,947,977,750,2025-09-30,1979,39.27,https://www.futbin.com/26/player/402/marc-guehi/market
2025-09-30,24,Iron Will,Konsa,安斯·干沙,ezri-konsa,82,CB,2025-09-29,1037,1040,863,1032,798,2025-10-04,1550,49.47,https://www.futbin.com/26/player/403/ezri-konsa/market
2025-09-30,24,Iron Will,Pedro Porro,佩德罗·波罗,pedro-antonio-porro-sauceda,82,RB,2025-09-29,750,750,750,796,750,2025-10-04,816,8.8,https://www.futbin.com/26/player/404/pedro-antonio-porro-sauceda/market
2025-10-04,28,Cornerstones,Swanson,马洛丽·斯旺森,mallory-swanson,87,LM,2025-10-03,11560,9398,9290,9961,10568,2025-10-09,11645,0.74,https://www.futbin.com/26/player/92/mallory-swanson/market
2025-10-04,28,Cornerstones,Karchaoui,萨基娜·卡尔沙维,sakina-karchaoui,87,CM,2025-10-03,68910,56431,53411,61792,45554,2025-10-08,63670,-7.6,https://www.futbin.com/26/player/104/sakina-karchaoui/market
2025-10-04,28,Cornerstones,Kelly,克洛伊·凯利,chloe-kelly,87,RM,2025-10-03,10970,9179,9182,9687,10579,2025-10-09,11489,4.73,https://www.futbin.com/26/player/115/chloe-kelly/market
2025-10-04,28,Cornerstones,Bastoni,亚历山德罗·巴斯托尼,alessandro-bastoni,87,CB,2025-10-03,11432,9185,9197,9682,10558,2025-10-09,11516,0.73,https://www.futbin.com/26/player/216/alessandro-bastoni/market
2025-10-04,28,Cornerstones,Rice,德克兰·赖斯,declan-rice,87,CDM,2025-10-03,15950,11140,10037,10942,10686,2025-10-09,12341,-22.63,https://www.futbin.com/26/player/220/declan-rice/market
2025-10-04,28,Cornerstones,McCabe,凯蒂·麦凯布,katie-mccabe,87,LB,2025-10-03,11251,9267,9266,9709,10691,2025-10-09,11876,5.56,https://www.futbin.com/26/player/232/katie-mccabe/market
2025-10-04,28,Cornerstones,Osimhen,维克多·奥斯梅恩,victor-osimhen,87,ST,2025-10-03,11027,9194,9159,9660,10571,2025-10-09,11500,4.29,https://www.futbin.com/26/player/237/victor-osimhen/market
2025-10-04,28,Cornerstones,Bruno Guimarães,布鲁诺·吉马良斯,bruno-guimaraes-moura,87,CM,2025-10-03,7248,6161,6155,6728,7399,2025-10-09,7709,6.36,https://www.futbin.com/26/player/247/bruno-guimaraes-moura/market
2025-10-04,28,Cornerstones,Bühl,克拉拉·比尔,klara-buhl,87,LM,2025-10-03,7242,6158,6149,6604,7071,2025-10-09,7681,6.06,https://www.futbin.com/26/player/248/klara-buhl/market
2025-10-04,28,Cornerstones,Olise,米高·奥利斯,michael-olise,86,RM,2025-10-03,7278,6203,6360,6828,7292,2025-10-09,7720,6.07,https://www.futbin.com/26/player/242/michael-olise/market
2025-10-04,28,Cornerstones,Ona Batlle,安娜·巴耶,ona-batlle-pascual,86,RB,2025-10-03,7284,6143,6143,6591,7052,2025-10-09,7647,4.98,https://www.futbin.com/26/player/250/ona-batlle-pascual/market
2025-10-04,28,Cornerstones,Konaté,伊布拉西马·科纳特,ibrahima-konate,86,CB,2025-10-03,36036,26128,23094,22002,10925,2025-10-04,26128,-27.49,https://www.futbin.com/26/player/251/ibrahima-konate/market
2025-10-04,28,Cornerstones,Schüller,莱娅·许勒尔,lea-schuller,86,ST,2025-10-03,7213,6145,6160,6607,7043,2025-10-09,7666,6.28,https://www.futbin.com/26/player/253/lea-schuller/market
2025-10-04,28,Cornerstones,Tonali,桑德罗·托纳利,sandro-tonali,86,CDM,2025-10-03,14804,9440,7164,7315,7097,2025-10-04,9440,-36.23,https://www.futbin.com/26/player/255/sandro-tonali/market
2025-10-04,28,Cornerstones,Chawinga,特姆瓦·查温佳,temwa-chawinga,86,LW,2025-10-03,7343,6186,6214,6659,7122,2025-10-09,7712,5.03,https://www.futbin.com/26/player/1150/temwa-chawinga/market
2025-10-04,28,Cornerstones,Iñigo Martínez,伊尼戈·马丁内斯,inigo-martinez-berridi,86,CB,2025-10-03,4218,3828,3708,3775,4087,2025-10-09,4267,1.16,https://www.futbin.com/26/player/725/inigo-martinez-berridi/market
2025-10-04,28,Cornerstones,Marcos Llorente,马科斯·略伦特,marcos-llorente-moreno,86,RB,2025-10-03,73750,69160,61847,68212,65604,2025-10-08,69736,-5.44,https://www.futbin.com/26/player/952/marcos-llorente-moreno/market
2025-10-04,28,Cornerstones,Éder Militão,埃德尔·米利唐,eder-gabriel-militao,86,CB,2025-10-03,55564,42516,39017,43613,44620,2025-10-08,45295,-18.48,https://www.futbin.com/26/player/811/eder-gabriel-militao/market
2025-10-04,28,Cornerstones,Gravenberch,瑞安·格拉文贝尔赫,ryan-gravenberch,86,CDM,2025-10-03,90146,70958,62458,65340,52585,2025-10-04,70958,-21.29,https://www.futbin.com/26/player/305/ryan-gravenberch/market
2025-10-04,27,Sprint Boost,Mancini,詹卢卡·曼奇尼,gianluca-mancini,83,CB,2025-10-03,779,793,753,752,750,2025-10-04,793,1.8,https://www.futbin.com/26/player/205/gianluca-mancini/market
2025-10-04,27,Sprint Boost,Rrahmani,阿米尔·拉赫马尼,amir-rrahmani,83,CB,2025-10-03,750,750,750,750,750,2025-10-04,750,0,https://www.futbin.com/26/player/279/amir-rrahmani/market
2025-10-04,27,Sprint Boost,Hincapié,皮耶罗·欣卡皮耶,piero-hincapie,83,CB,2025-10-03,139469,140000,139849,138678,135011,2025-10-04,140000,0.38,https://www.futbin.com/26/player/398/piero-hincapie/market
2025-10-10,32,Ball Distributor,Guéhi,马克·格希,marc-guehi,82,CB,2025-10-09,758,750,750,750,750,2025-10-10,750,-1.06,https://www.futbin.com/26/player/402/marc-guehi/market
2025-10-10,32,Ball Distributor,Konsa,安斯·干沙,ezri-konsa,82,CB,2025-10-09,949,793,750,750,761,2025-10-10,793,-16.44,https://www.futbin.com/26/player/403/ezri-konsa/market
2025-10-10,32,Ball Distributor,Pedro Porro,佩德罗·波罗,pedro-antonio-porro-sauceda,82,RB,2025-10-09,750,769,750,750,750,2025-10-10,769,2.53,https://www.futbin.com/26/player/404/pedro-antonio-porro-sauceda/market
2025-10-11,41,Striker Debut,Guéhi,马克·格希,marc-guehi,82,CB,2025-10-10,750,750,750,750,,2025-10-11,750,0,https://www.futbin.com/26/player/402/marc-guehi/market
2025-10-11,41,Striker Debut,Konsa,安斯·干沙,ezri-konsa,82,CB,2025-10-10,793,750,750,750,,2025-10-16,789,-0.5,https://www.futbin.com/26/player/403/ezri-konsa/market
2025-10-11,41,Striker Debut,Pedro Porro,佩德罗·波罗,pedro-antonio-porro-sauceda,82,RB,2025-10-10,769,750,750,750,,2025-10-11,750,-2.47,https://www.futbin.com/26/player/404/pedro-antonio-porro-sauceda/market
2025-10-17,49,Fullback Force II,Konsa,安斯·干沙,ezri-konsa,82,CB,2025-10-16,789,761,,,,2025-10-17,761,-3.55,https://www.futbin.com/26/player/403/ezri-konsa/market
2025-10-17,49,Fullback Force II,Pedro Porro,佩德罗·波罗,pedro-antonio-porro-sauceda,82,RB,2025-10-16,750,750,,,,2025-10-17,750,0,https://www.futbin.com/26/player/404/pedro-antonio-porro-sauceda/market
