slug,name,name_zh,source_groups,fc27_url,fc26_url,source_url,status,cross_2025-09-18,cross_2025-09-19,cross_2025-09-20,cross_2025-09-21,cross_2025-09-22,cross_2025-09-23,cross_2025-09-24,cross_observed_days,cross_start,cross_end,cross_change,cross_change_pct,cross_min,cross_max,cross_range_pct,pc_2025-09-18,pc_2025-09-19,pc_2025-09-20,pc_2025-09-21,pc_2025-09-22,pc_2025-09-23,pc_2025-09-24,pc_observed_days,pc_start,pc_end,pc_change,pc_change_pct,pc_min,pc_max,pc_range_pct,error
erling-haaland,Erling Haaland,埃尔林·哈兰德,forward,https://www.futbin.com/27/player/1/erling-haaland,https://www.futbin.com/26/player/67/erling-haaland,https://www.futbin.com/26/player/67/erling-haaland/market,captured,795831,925188,1112561,1379051,1523406,1162537,944531,7,795831,944531,148700,0.1868487153679613,795831,1523406,0.9142330469660016,676909,899000,,,,,481882,3,676909,481882,-195027,-0.2881140596446494,481882,899000,0.8656019523451799,
alexia-putellas-segura,Alexia Putellas Segura,阿莱克西娅·普特利亚斯,forward|midfield,https://www.futbin.com/27/player/5/alexia-putellas-segura,https://www.futbin.com/26/player/105/alexia-putellas-segura,https://www.futbin.com/26/player/105/alexia-putellas-segura/market,captured,658472,599243,556868,540479,543993,570208,538903,7,658472,538903,-119569,-0.1815855495753806,538903,658472,0.2218748086390315,833803,693799,643847,609542,595410,610361,591958,7,833803,591958,-241845,-0.29005052752268823,591958,833803,0.4085509444926836,
kylian-mbappe,Kylian Mbappé,基利安·姆巴佩,forward,https://www.futbin.com/27/player/8/kylian-mbappe,https://www.futbin.com/26/player/40/kylian-mbappe,https://www.futbin.com/26/player/40/kylian-mbappe/market,captured,4437180,4197771,4188507,4191861,4189118,4206896,4186271,7,4437180,4186271,-250909,-0.05654695099139544,4186271,4437180,0.05993615797926126,5203388,5162107,4862486,4369688,4363535,4625903,4914931,7,5203388,4914931,-288457,-0.05543638106556728,4363535,5203388,0.1924707834359069,
khadija-shaw,Khadija Shaw,卡蒂嘉·肖,forward,https://www.futbin.com/27/player/7/khadija-shaw,https://www.futbin.com/26/player/138/khadija-shaw,https://www.futbin.com/26/player/138/khadija-shaw/market,captured,11683,13020,12978,13395,14024,14446,14105,7,11683,14105,2422,0.20730976632714201,11683,14446,0.23649747496362236,13990,13813,12689,13601,14965,15618,15290,7,13990,15290,1300,0.09292351679771266,12689,15618,0.2308298526282607,
ousmane-dembele,Ousmane Dembélé,奥斯曼·登贝莱,forward|midfield,https://www.futbin.com/27/player/31/ousmane-dembele,https://www.futbin.com/26/player/51/ousmane-dembele,https://www.futbin.com/26/player/51/ousmane-dembele/market,captured,2219831,2386118,2241368,2215549,2269299,2360243,2384347,7,2219831,2384347,164516,0.07411194816181953,2215549,2386118,0.07698723882884106,2990722,2918868,2403000,2179875,2160792,2208222,2214139,7,2990722,2214139,-776583,-0.2596640543654676,2160792,2990722,0.38408602031107114,
harry-kane,Harry Kane,哈里·凯恩,forward,https://www.futbin.com/27/player/55/harry-kane,https://www.futbin.com/26/player/69/harry-kane,https://www.futbin.com/26/player/69/harry-kane/market,captured,146104,199919,192697,195469,193424,191374,145132,7,146104,145132,-972,-0.006652795269123364,145132,199919,0.3774977262078659,160563,181333,190987,212833,186892,226729,144092,7,160563,144092,-16471,-0.10258278681888106,144092,226729,0.5735016517225107,
michael-olise,Michael Olise,米高·奥利斯,forward|midfield,https://www.futbin.com/27/player/62/michael-olise,https://www.futbin.com/26/player/242/michael-olise,https://www.futbin.com/26/player/242/michael-olise/market,captured,8316,8745,5911,5390,5260,5008,4679,7,8316,4679,-3637,-0.4373496873496874,4679,8745,0.868989100235093,11176,7120,4957,4604,4733,4789,4596,7,11176,4596,-6580,-0.5887616320687187,4596,11176,1.4316797214969539,
lamine-yamal-nasraoui-ebana,Lamine Yamal Nasraoui Ebana,拉明·亚马尔,forward|midfield,https://www.futbin.com/27/player/81/lamine-yamal-nasraoui-ebana,https://www.futbin.com/26/player/85/lamine-yamal-nasraoui-ebana,https://www.futbin.com/26/player/85/lamine-yamal-nasraoui-ebana/market,captured,398573,386056,349701,324257,321444,303764,273319,7,398573,273319,-125254,-0.3142561086676719,273319,398573,0.45827037271466675,434180,372618,320688,300535,316292,304333,283799,7,434180,283799,-150381,-0.34635634990096276,283799,434180,0.5298855880394223,
caroline-graham-hansen,Caroline Graham Hansen,卡罗琳·格拉汉姆·汉森,forward|midfield,https://www.futbin.com/27/player/12/caroline-graham-hansen,https://www.futbin.com/26/player/117/caroline-graham-hansen,https://www.futbin.com/26/player/117/caroline-graham-hansen/market,captured,948404,847806,776396,714153,722972,746708,748938,7,948404,748938,-199466,-0.2103175440002362,714153,948404,0.3280123446936441,1467758,1257236,897035,755201,757431,794306,785472,7,1467758,785472,-682286,-0.46484911000314766,755201,1467758,0.9435329137540867,
ewa-pajor,Ewa Pajor,艾娃·帕约尔,forward|midfield,https://www.futbin.com/27/player/18/ewa-pajor,https://www.futbin.com/26/player/99/ewa-pajor,https://www.futbin.com/26/player/99/ewa-pajor/market,captured,18452,18316,14132,13960,15512,15622,14628,7,18452,14628,-3824,-0.2072404075438977,13960,18452,0.32177650429799426,31756,24500,17986,17552,20533,21056,19286,7,31756,19286,-12470,-0.3926816979468447,17552,31756,0.8092525068368277,
claudia-pina-medina,Claudia Pina Medina,克劳蒂亚·皮纳,forward|midfield,https://www.futbin.com/27/player/19/claudia-pina-medina,https://www.futbin.com/26/player/243/claudia-pina-medina,https://www.futbin.com/26/player/243/claudia-pina-medina/market,captured,4881,4363,4160,4661,6558,7290,6880,7,4881,6880,1999,0.40954722392952264,4160,7290,0.7524038461538461,5182,4895,4332,4819,6999,8113,7163,7,5182,7163,1981,0.382284832111154,4332,8113,0.8728070175438597,
temwa-chawinga,Temwa Chawinga,特姆瓦·查温佳,forward|midfield,https://www.futbin.com/27/player/20/temwa-chawinga,https://www.futbin.com/26/player/1150/temwa-chawinga,https://www.futbin.com/26/player/1150/temwa-chawinga/market,captured,6849,5509,4625,4727,5366,4986,4498,7,6849,4498,-2351,-0.343261790042342,4498,6849,0.5226767452200978,6411,6036,4651,4465,5165,5042,4610,7,6411,4610,-1801,-0.28092341288410544,4465,6411,0.43583426651735724,
lionel-messi,Lionel Messi,利昂内尔·梅西,forward|midfield,https://www.futbin.com/27/player/22/lionel-messi,https://www.futbin.com/26/player/254/lionel-messi,https://www.futbin.com/26/player/254/lionel-messi/market,captured,27303,27042,20863,26214,29151,29191,22635,7,27303,22635,-4668,-0.17097022305241183,20863,29191,0.3991755739826487,33512,31182,23920,29705,35307,36578,29231,7,33512,29231,-4281,-0.12774528527094772,23920,36578,0.5291806020066889,
khvicha-kvaratskhelia,Khvicha Kvaratskhelia,科维查·克瓦拉茨赫利亚,forward|midfield,https://www.futbin.com/27/player/49/khvicha-kvaratskhelia,https://www.futbin.com/26/player/215/khvicha-kvaratskhelia,https://www.futbin.com/26/player/215/khvicha-kvaratskhelia/market,captured,183742,148590,131458,127042,132347,132299,114465,7,183742,114465,-69277,-0.3770341021649922,114465,183742,0.6052243043725156,335883,136316,109889,101236,116865,121618,107931,7,335883,107931,-227952,-0.6786648922392619,101236,335883,2.31782172349757,
vinicius-jose-de-oliveira-junior,Vinícius José de Oliveira Júnior,维尼修斯·儒尼奥尔,forward|midfield,https://www.futbin.com/27/player/80/vinicius-jose-de-oliveira-junior,https://www.futbin.com/26/player/47/vinicius-jose-de-oliveira-junior,https://www.futbin.com/26/player/47/vinicius-jose-de-oliveira-junior/market,captured,1423011,1421639,1351938,1315215,1322097,1321826,1310500,7,1423011,1310500,-112511,-0.07906544643716738,1310500,1423011,0.08585349103395651,2006633,1617403,1293125,1209069,1171882,1234965,1175750,7,2006633,1175750,-830883,-0.41406824267317444,1171882,2006633,0.7123165984288521,
klara-buhl,Klara Bühl,克拉拉·比尔,forward|midfield,https://www.futbin.com/27/player/29/klara-buhl,https://www.futbin.com/26/player/248/klara-buhl,https://www.futbin.com/26/player/248/klara-buhl/market,captured,3800,3859,3977,4149,4357,4418,4234,7,3800,4234,434,0.11421052631578947,3800,4418,0.16263157894736843,4782,4012,4103,4192,4399,4582,4351,7,4782,4351,-431,-0.09012965286491008,4012,4782,0.19192422731804587,
alessia-russo,Alessia Russo,阿莱西娅·鲁索,forward|midfield,https://www.futbin.com/27/player/30/alessia-russo,https://www.futbin.com/26/player/122/alessia-russo,https://www.futbin.com/26/player/122/alessia-russo/market,captured,13285,15470,13731,14123,14889,14955,14523,7,13285,14523,1238,0.09318780579601053,13285,15470,0.16447120812946933,16886,16020,13674,14584,16234,16108,15953,7,16886,15953,-933,-0.055252872201823997,13674,16886,0.2348983472283165,
sophia-wilson,Sophia Wilson,索菲亚·史密斯,forward|midfield,https://www.futbin.com/27/player/38/sophia-wilson,https://www.futbin.com/26/player/74/sophia-wilson,https://www.futbin.com/26/player/74/sophia-wilson/market,captured,427449,416090,399694,406056,424569,455486,432722,7,427449,432722,5273,0.012335974584102431,399694,455486,0.1395867838896756,500328,448549,436083,411236,431264,442507,431313,7,500328,431313,-69015,-0.1379395116803377,411236,500328,0.21664445719732708,
melchie-dumornay,Melchie Dumornay,,forward|midfield,https://www.futbin.com/27/player/43/melchie-dumornay,https://www.futbin.com/26/player/257/melchie-dumornay,https://www.futbin.com/26/player/257/melchie-dumornay/market,captured,39346,39465,36385,49484,76149,78202,67219,7,39346,67219,27873,0.7084074620037615,36385,78202,1.1492922907791672,42818,43309,40528,54839,79326,83179,76066,7,42818,76066,33248,0.7764958662244851,40528,83179,1.0523835373075405,
barbra-banda,Barbra Banda,芭芭拉·班达,forward|midfield,https://www.futbin.com/27/player/48/barbra-banda,https://www.futbin.com/26/player/1138/barbra-banda,https://www.futbin.com/26/player/1138/barbra-banda/market,captured,3826,3415,2661,2798,2870,2885,2603,7,3826,2603,-1223,-0.3196549921589127,2603,3826,0.469842489435267,16400,3616,2699,2693,2884,2974,2687,7,16400,2687,-13713,-0.8361585365853659,2687,16400,5.103461109043543,
luis-diaz,Luis Díaz,路易斯·迪亚斯,forward|midfield,https://www.futbin.com/27/player/74/luis-diaz,https://www.futbin.com/26/player/991/luis-diaz,https://www.futbin.com/26/player/991/luis-diaz/market,captured,52065,50806,38019,33887,33950,30694,28184,7,52065,28184,-23881,-0.45867665418227216,28184,52065,0.8473247232472325,62849,43479,32422,28099,31472,30177,27476,7,62849,27476,-35373,-0.5628251841715859,27476,62849,1.2874144708108894,
raphael-dias-belloli,Raphael Dias Belloli,拉菲尼亚,forward|midfield,https://www.futbin.com/27/player/546/raphael-dias-belloli,https://www.futbin.com/26/player/83/raphael-dias-belloli,https://www.futbin.com/26/player/83/raphael-dias-belloli/market,captured,572225,544792,512729,477972,479750,481771,455250,7,572225,455250,-116975,-0.2044213377604963,455250,572225,0.256946732564525,677886,620118,508097,456153,474535,462958,447083,7,677886,447083,-230803,-0.34047465208014327,447083,677886,0.5162419505997767,
debora-c-de-oliveira,Débora C. de Oliveira,德比妮亚,forward|midfield,https://www.futbin.com/27/player/50/debora-c-de-oliveira,https://www.futbin.com/26/player/116/debora-c-de-oliveira,https://www.futbin.com/26/player/116/debora-c-de-oliveira/market,captured,22378,22815,21644,30469,36141,38196,40526,7,22378,40526,18148,0.8109750647957815,21644,40526,0.8723895767880244,38055,33064,31875,38545,46363,54400,57563,7,38055,57563,19508,0.5126264617001708,31875,57563,0.8058980392156863,
kadidiatou-diani,Kadidiatou Diani,卡迪迪娅图·迪亚尼,forward|midfield,https://www.futbin.com/27/player/52/kadidiatou-diani,https://www.futbin.com/26/player/132/kadidiatou-diani,https://www.futbin.com/26/player/132/kadidiatou-diani/market,captured,154888,135417,124486,139625,172451,177750,162438,7,154888,162438,7550,0.048744899540313,124486,177750,0.42787140722651545,174452,151639,132681,142868,177125,188458,176479,7,174452,176479,2027,0.011619241969137642,132681,188458,0.4203842298445143,
vivianne-miedema,Vivianne Miedema,薇薇安·米德马,forward|midfield,https://www.futbin.com/27/player/60/vivianne-miedema,https://www.futbin.com/26/player/562/vivianne-miedema,https://www.futbin.com/26/player/562/vivianne-miedema/market,captured,2397,2397,2516,2444,2653,2726,2556,7,2397,2556,159,0.06633291614518148,2397,2726,0.13725490196078433,3815,2536,2633,2505,2708,2892,2656,7,3815,2656,-1159,-0.30380078636959373,2505,3815,0.5229540918163673,
lauren-hemp,Lauren Hemp,劳伦·亨普,forward|midfield,https://www.futbin.com/27/player/66/lauren-hemp,https://www.futbin.com/26/player/78/lauren-hemp,https://www.futbin.com/26/player/78/lauren-hemp/market,captured,12190,13521,11040,11800,13189,12905,10752,7,12190,10752,-1438,-0.11796554552912224,10752,13521,0.25753348214285715,19640,17012,14461,15686,18832,19606,15535,7,19640,15535,-4105,-0.2090122199592668,14461,19640,0.3581356752645045,
pernille-harder,Pernille Harder,佩妮莱·哈德,forward|midfield,https://www.futbin.com/27/player/73/pernille-harder,https://www.futbin.com/26/player/258/pernille-harder,https://www.futbin.com/26/player/258/pernille-harder/market,captured,3905,3872,4037,4145,4388,4435,4249,7,3905,4249,344,0.08809218950064021,3872,4435,0.14540289256198347,12991,4071,4131,4195,4502,4643,4404,7,12991,4404,-8587,-0.660996074205219,4071,12991,2.191107835912552,
bukayo-saka,Bukayo Saka,布卡约·萨卡,forward|midfield,https://www.futbin.com/27/player/228/bukayo-saka,https://www.futbin.com/26/player/32/bukayo-saka,https://www.futbin.com/26/player/32/bukayo-saka/market,captured,26924,27842,22483,21503,20894,19411,16943,7,26924,16943,-9981,-0.3707101470806715,16943,27842,0.6432745086466387,48556,25757,19651,19476,19813,18981,17135,7,48556,17135,-31421,-0.6471084932861026,17135,48556,1.833732127224978,
jamal-musiala,Jamal Musiala,贾迈勒·穆西亚拉,forward|midfield,https://www.futbin.com/27/player/346/jamal-musiala,https://www.futbin.com/26/player/46/jamal-musiala,https://www.futbin.com/26/player/46/jamal-musiala/market,captured,135343,154722,142931,138896,147104,145396,126590,7,135343,126590,-8753,-0.06467272042144773,126590,154722,0.22222924401611502,191313,135743,118632,114472,126618,127153,118826,7,191313,118826,-72487,-0.37889218192177215,114472,191313,0.6712645887203857,
lautaro-martinez,Lautaro Martínez,劳塔罗·马丁内斯,forward,https://www.futbin.com/27/player/454/lautaro-martinez,https://www.futbin.com/26/player/60/lautaro-martinez,https://www.futbin.com/26/player/60/lautaro-martinez/market,captured,33022,31351,23288,21694,22215,20651,16558,7,33022,16558,-16464,-0.4985767064381322,16558,33022,0.9943229858678584,68492,31668,22620,20038,21887,21252,17021,7,68492,17021,-51471,-0.7514892250189803,17021,68492,3.0239703895188295,
salma-celeste-paralluelo-ayingono,Salma Celeste Paralluelo Ayingono,萨尔马·帕拉尔卢埃洛,forward|midfield,https://www.futbin.com/27/player/621/salma-celeste-paralluelo-ayingono,https://www.futbin.com/26/player/874/salma-celeste-paralluelo-ayingono,https://www.futbin.com/26/player/874/salma-celeste-paralluelo-ayingono/market,captured,54430,54670,49142,49726,58194,60285,56101,7,54430,56101,1671,0.0306999816277788,49142,60285,0.22675104798339507,50274,57033,53424,52099,62767,68007,66785,7,50274,66785,16511,0.3284202569916856,50274,68007,0.3527270557345745,
tabitha-chawinga,Tabitha Chawinga,塔比莎·查温佳,forward|midfield,https://www.futbin.com/27/player/622/tabitha-chawinga,https://www.futbin.com/26/player/17311/tabitha-chawinga,https://www.futbin.com/26/player/17311/tabitha-chawinga/market,captured,8984,9179,9219,9755,16974,14986,9902,7,8984,9902,918,0.10218165627782724,8984,16974,0.8893588601959038,12722,10752,9177,11578,17411,16868,11773,7,12722,11773,-949,-0.07459518943562334,9177,17411,0.8972431077694235,
trinity-rodman,Trinity Rodman,崔妮蒂·罗德曼,forward|midfield,https://www.futbin.com/27/player/695/trinity-rodman,https://www.futbin.com/26/player/1134/trinity-rodman,https://www.futbin.com/26/player/1134/trinity-rodman/market,captured,45247,37901,27830,32484,37342,39075,32543,7,45247,32543,-12704,-0.28076999580082657,27830,45247,0.6258354293927416,52458,49186,39297,43670,50641,55066,48474,7,52458,48474,-3984,-0.0759464714628846,39297,55066,0.4012774512049266,
chloe-kelly,Chloe Kelly,克洛伊·凯利,forward|midfield,https://www.futbin.com/27/player/117/chloe-kelly,https://www.futbin.com/26/player/115/chloe-kelly,https://www.futbin.com/26/player/115/chloe-kelly/market,captured,10752,11556,8951,9167,9914,9508,8013,7,10752,8013,-2739,-0.25474330357142855,8013,11556,0.44215649569449644,24658,14079,10554,9939,12085,11957,10888,7,24658,10888,-13770,-0.5584394516992457,9939,24658,1.4809336955428112,
alexander-isak,Alexander Isak,亚历山大·伊萨克,forward,https://www.futbin.com/27/player/238/alexander-isak,https://www.futbin.com/26/player/52/alexander-isak,https://www.futbin.com/26/player/52/alexander-isak/market,captured,468301,455429,432430,448421,487103,494698,480854,7,468301,480854,12553,0.026805409341427843,432430,494698,0.14399555997502486,,,,,,,,0,,,,,,,,
viktor-gyokeres,Viktor Gyökeres,维克托·哲凯赖什,forward,https://www.futbin.com/27/player/252/viktor-gyokeres,https://www.futbin.com/26/player/234/viktor-gyokeres,https://www.futbin.com/26/player/234/viktor-gyokeres/market,captured,279202,315896,279757,267778,265264,265347,225729,7,279202,225729,-53473,-0.19152083437797723,225729,315896,0.399448010667659,323955,358153,294965,274035,269264,271132,243417,7,323955,243417,-80538,-0.24860860304671945,243417,358153,0.47135573932798447,
florian-wirtz,Florian Wirtz,弗洛里安·维尔茨,forward|midfield,https://www.futbin.com/27/player/257/florian-wirtz,https://www.futbin.com/26/player/41/florian-wirtz,https://www.futbin.com/26/player/41/florian-wirtz/market,captured,259972,323979,321319,313188,322910,334319,311194,7,259972,311194,51222,0.19702891080577908,259972,334319,0.285980797932085,267154,328083,296618,288146,303361,306910,293667,7,267154,293667,26513,0.09924238454224904,267154,328083,0.22806695763492218,
julian-alvarez,Julián Alvarez,胡利安·阿瓦雷斯,forward|midfield,https://www.futbin.com/27/player/548/julian-alvarez,https://www.futbin.com/26/player/226/julian-alvarez,https://www.futbin.com/26/player/226/julian-alvarez/market,captured,115309,114660,95990,90396,95920,92851,83507,7,115309,83507,-31802,-0.27579807300384185,83507,115309,0.3808303495515346,133123,111163,85597,79799,92226,90160,79913,7,133123,79913,-53210,-0.3997055354822232,79799,133123,0.6682289251745009,
selma-bacha,Selma Bacha,塞尔玛·巴查,forward|midfield|defender,https://www.futbin.com/27/player/623/selma-bacha,https://www.futbin.com/26/player/17305/selma-bacha,https://www.futbin.com/26/player/17305/selma-bacha/market,captured,16010,17703,17781,20733,25186,25231,20828,7,16010,20828,4818,0.3009369144284822,16010,25231,0.5759525296689569,22980,21047,20248,26210,30457,31243,30167,7,22980,30167,7187,0.3127502175805048,20248,31243,0.543016594231529,
marie-katoto,Marie Katoto,玛丽-安托瓦内特·卡托托,forward|midfield,https://www.futbin.com/27/player/625/marie-katoto,https://www.futbin.com/26/player/137/marie-katoto,https://www.futbin.com/26/player/137/marie-katoto/market,captured,7437,7844,7532,7917,8508,8695,8552,7,7437,8552,1115,0.14992604544843352,7437,8695,0.1691542288557214,13934,8673,7850,8233,8885,9116,8979,7,13934,8979,-4955,-0.3556049949763169,7850,13934,0.775031847133758,
desire-doue,Désiré Doué,德西雷·杜埃,forward|midfield,https://www.futbin.com/27/player/653/desire-doue,https://www.futbin.com/26/player/1063/desire-doue,https://www.futbin.com/26/player/1063/desire-doue/market,captured,71522,74063,63771,60135,60868,59865,48979,7,71522,48979,-22543,-0.3151897318307654,48979,74063,0.5121378549990813,60337,61146,52344,50229,57503,58455,49479,7,60337,49479,-10858,-0.1799559142814525,49479,61146,0.23579700478991086,
guro-reiten,Guro Reiten,顾洛·蕾滕,forward|midfield|defender,https://www.futbin.com/27/player/696/guro-reiten,https://www.futbin.com/26/player/90/guro-reiten,https://www.futbin.com/26/player/90/guro-reiten/market,captured,20205,16691,14095,14373,15983,16368,13904,7,20205,13904,-6301,-0.3118535016085127,13904,20205,0.4531789413118527,23557,22181,18903,19174,22319,23594,20514,7,23557,20514,-3043,-0.12917604109181985,18903,23594,0.2481616674601915,
cole-palmer,Cole Palmer,科尔·帕尔默,forward|midfield,https://www.futbin.com/27/player/103/cole-palmer,https://www.futbin.com/26/player/214/cole-palmer,https://www.futbin.com/26/player/214/cole-palmer/market,captured,56346,62238,53095,48389,51325,51497,46116,7,56346,46116,-10230,-0.18155680971142582,46116,62238,0.3495966692688004,53460,55920,40568,39003,46623,47043,43207,7,53460,43207,-10253,-0.19178825289936402,39003,55920,0.43373586647180984,
caitlin-foord,Caitlin Foord,凯特琳·富德,forward|midfield,https://www.futbin.com/27/player/119/caitlin-foord,https://www.futbin.com/26/player/536/caitlin-foord,https://www.futbin.com/26/player/536/caitlin-foord/market,captured,2288,2320,2461,2437,2631,2725,2545,7,2288,2545,257,0.11232517482517483,2288,2725,0.1909965034965035,3195,2360,2576,2449,2690,2895,2667,7,3195,2667,-528,-0.1652582159624413,2360,3195,0.3538135593220339,
lea-schuller,Lea Schüller,莱娅·许勒尔,forward|midfield,https://www.futbin.com/27/player/124/lea-schuller,https://www.futbin.com/26/player/253/lea-schuller,https://www.futbin.com/26/player/253/lea-schuller/market,captured,3814,3902,3993,4142,4361,4432,4231,7,3814,4231,417,0.10933403251179864,3814,4432,0.16203460933403252,9911,4012,4108,4161,4396,4557,4333,7,9911,4333,-5578,-0.562809000100898,4012,9911,1.4703389830508475,
lauren-james,Lauren James,劳伦·詹姆斯,forward|midfield,https://www.futbin.com/27/player/144/lauren-james,https://www.futbin.com/26/player/559/lauren-james,https://www.futbin.com/26/player/559/lauren-james/market,captured,33390,31474,29326,32252,36403,38839,34128,7,33390,34128,738,0.022102425876010783,29326,38839,0.32438791516060833,34624,38819,41236,42188,46629,48694,45440,7,34624,45440,10816,0.3123844731977819,34624,48694,0.4063655268022181,
sandy-baltimore,Sandy Baltimore,桑迪·巴尔的摩,forward|midfield|defender,https://www.futbin.com/27/player/165/sandy-baltimore,https://www.futbin.com/26/player/531/sandy-baltimore,https://www.futbin.com/26/player/531/sandy-baltimore/market,captured,2628,2767,2608,2665,2779,2856,2628,7,2628,2628,0,0,2608,2856,0.0950920245398773,4628,3298,2703,2671,2907,3091,2777,7,4628,2777,-1851,-0.3999567847882455,2671,4628,0.7326843878697117,
serhou-guirassy,Serhou Guirassy,塞鲁·吉拉西,forward,https://www.futbin.com/27/player/308/serhou-guirassy,https://www.futbin.com/26/player/217/serhou-guirassy,https://www.futbin.com/26/player/217/serhou-guirassy/market,captured,8287,9544,6539,6337,6553,6636,6328,7,8287,6328,-1959,-0.23639435260045855,6328,9544,0.5082174462705437,13465,10777,6172,6224,6677,6853,6599,7,13465,6599,-6866,-0.5099145933902711,6172,13465,1.1816267012313675,
paulo-dybala,Paulo Dybala,保罗·迪巴拉,forward|midfield,https://www.futbin.com/27/player/466/paulo-dybala,https://www.futbin.com/26/player/246/paulo-dybala,https://www.futbin.com/26/player/246/paulo-dybala/market,captured,36520,37651,28710,28366,29526,27818,21727,7,36520,21727,-14793,-0.405065717415115,21727,37651,0.7329129654347125,42520,36326,28111,27580,29344,29658,23944,7,42520,23944,-18576,-0.43687676387582314,23944,42520,0.7758102238556632,
marcus-thuram,Marcus Thuram,马库斯·图拉姆,forward,https://www.futbin.com/27/player/467/marcus-thuram,https://www.futbin.com/26/player/17309/marcus-thuram,https://www.futbin.com/26/player/17309/marcus-thuram/market,captured,33062,35408,22698,18407,17668,16080,12019,7,33062,12019,-21043,-0.6364708729054503,12019,35408,1.9460021632415343,27119,29769,17778,15250,15250,14848,9901,7,27119,9901,-17218,-0.6349054168664037,9901,29769,2.0066659933340065,
linda-caicedo,Linda Caicedo,琳达·凯塞多,forward|midfield,https://www.futbin.com/27/player/517/linda-caicedo,https://www.futbin.com/26/player/864/linda-caicedo,https://www.futbin.com/26/player/864/linda-caicedo/market,captured,6111,5021,3626,3480,3764,3706,3123,7,6111,3123,-2988,-0.4889543446244477,3123,6111,0.9567723342939481,28747,5855,3718,3283,3886,3937,3549,7,28747,3549,-25198,-0.8765436393362785,3283,28747,7.75632043862321,
ada-hegerberg,Ada Hegerberg,阿达·海格贝尔格,forward,https://www.futbin.com/27/player/626/ada-hegerberg,https://www.futbin.com/26/player/84/ada-hegerberg,https://www.futbin.com/26/player/84/ada-hegerberg/market,captured,5405,5630,5732,5969,6344,6491,6218,7,5405,6218,813,0.15041628122109157,5405,6491,0.20092506938020352,14888,5861,5851,6143,6625,6818,6530,7,14888,6530,-8358,-0.5613917248790973,5851,14888,1.5445223038796787,
clara-mateo,Clara Mateo,,forward,https://www.futbin.com/27/player/627/clara-mateo,https://www.futbin.com/26/player/17308/clara-mateo,https://www.futbin.com/26/player/17308/clara-mateo/market,captured,5592,5295,3534,3677,3843,3810,3295,7,5592,3295,-2297,-0.4107653791130186,3295,5592,0.6971168437025796,6600,5448,3316,3336,3664,3695,3093,7,6600,3093,-3507,-0.5313636363636364,3093,6600,1.133850630455868,
sam-kerr,Sam Kerr,山姆·科尔,forward,https://www.futbin.com/27/player/697/sam-kerr,https://www.futbin.com/26/player/235/sam-kerr,https://www.futbin.com/26/player/235/sam-kerr/market,captured,7084,6622,5986,6176,6522,6695,6254,7,7084,6254,-830,-0.11716544325239978,5986,7084,0.18342799866354828,29115,6790,6024,6310,6673,7085,6610,7,29115,6610,-22505,-0.7729692598317018,6024,29115,3.833167330677291,
mallory-swanson,Mallory Swanson,马洛丽·斯旺森,forward,https://www.futbin.com/27/player/699/mallory-swanson,https://www.futbin.com/26/player/92/mallory-swanson,https://www.futbin.com/26/player/92/mallory-swanson/market,captured,14009,12894,9654,11162,13234,12865,9850,7,14009,9850,-4159,-0.2968805767720751,9654,14009,0.4511083488709343,16831,17789,13198,14788,17819,18295,15509,7,16831,15509,-1322,-0.07854554096607451,13198,18295,0.38619487801181995,
delphine-cascarino,Delphine Cascarino,黛勒芬·卡斯卡里诺,forward,https://www.futbin.com/27/player/742/delphine-cascarino,https://www.futbin.com/26/player/1142/delphine-cascarino,https://www.futbin.com/26/player/1142/delphine-cascarino/market,captured,7561,5435,3902,3758,3856,3542,2982,7,7561,2982,-4579,-0.6056077238460521,2982,7561,1.5355466130114017,11761,6707,3998,3488,3879,3644,3171,7,11761,3171,-8590,-0.7303800697219625,3171,11761,2.708924629454431,
bradley-barcola,Bradley Barcola,布拉德利·巴尔科拉,forward,https://www.futbin.com/27/player/745/bradley-barcola,https://www.futbin.com/26/player/1154/bradley-barcola,https://www.futbin.com/26/player/1154/bradley-barcola/market,captured,29503,21783,14661,12927,13236,13540,11223,7,29503,11223,-18280,-0.6195980069823408,11223,29503,1.6287980040987258,29200,19095,12488,10041,11614,13704,11977,7,29200,11977,-17223,-0.5898287671232877,10041,29200,1.908076884772433,
victor-osimhen,Victor Osimhen,维克多·奥斯梅恩,forward,https://www.futbin.com/27/player/747/victor-osimhen,https://www.futbin.com/26/player/237/victor-osimhen,https://www.futbin.com/26/player/237/victor-osimhen/market,captured,19827,27238,18351,14741,13795,12651,9601,7,19827,9601,-10226,-0.5157613355525293,9601,27238,1.8369961462347673,28727,27007,17733,14759,14602,14605,11089,7,28727,11089,-17638,-0.6139868416472308,11089,28727,1.5905852646767067,
beth-mead,Beth Mead,贝丝·米德,forward,https://www.futbin.com/27/player/140/beth-mead,https://www.futbin.com/26/player/93/beth-mead,https://www.futbin.com/26/player/93/beth-mead/market,captured,7983,5732,5899,6008,6380,6509,6221,7,7983,6221,-1762,-0.22071902793436052,5732,7983,0.3927076064200977,7503,6217,6072,6174,6666,6834,6631,7,7503,6631,-872,-0.11622017859522858,6072,7503,0.23567193675889328,
laura-freigang,Laura Freigang,劳拉·弗赖冈,forward,https://www.futbin.com/27/player/386/laura-freigang,https://www.futbin.com/26/player/1045/laura-freigang,https://www.futbin.com/26/player/1045/laura-freigang/market,captured,2594,2232,2382,2417,2608,2708,2532,7,2594,2532,-62,-0.023901310717039322,2232,2708,0.2132616487455197,2479,2305,2524,2440,2676,2867,2630,7,2479,2630,151,0.0609116579265833,2305,2867,0.2438177874186551,
phil-foden,Phil Foden,菲尔·福登,forward,https://www.futbin.com/27/player/437/phil-foden,https://www.futbin.com/26/player/405/phil-foden,https://www.futbin.com/26/player/405/phil-foden/market,captured,15191,17518,12919,11820,11754,10878,8649,7,15191,8649,-6542,-0.4306497268119281,8649,17518,1.0254364666435427,18892,16173,11011,9385,9887,9512,7956,7,18892,7956,-10936,-0.5788693626932034,7956,18892,1.3745600804424334,
nicholas-williams-arthuer,Nicholas Williams Arthuer,尼科·威廉斯,forward,https://www.futbin.com/27/player/557/nicholas-williams-arthuer,https://www.futbin.com/26/player/256/nicholas-williams-arthuer,https://www.futbin.com/26/player/256/nicholas-williams-arthuer/market,captured,176618,173854,157757,155361,165354,169125,168785,7,176618,168785,-7833,-0.044349953005922385,155361,176618,0.1368232696751437,228326,171042,141222,147569,157507,161750,157944,7,228326,157944,-70382,-0.3082522358382313,141222,228326,0.6167877526164479,
rodrygo-silva-de-goes,Rodrygo Silva de Goes,罗德里戈·格斯,forward,https://www.futbin.com/27/player/559/rodrygo-silva-de-goes,https://www.futbin.com/26/player/832/rodrygo-silva-de-goes,https://www.futbin.com/26/player/832/rodrygo-silva-de-goes/market,captured,93364,101608,87264,79854,76993,75587,66125,7,93364,66125,-27239,-0.2917505676706225,66125,101608,0.5366049149338374,48469,91101,74365,70021,71358,71531,65395,7,48469,65395,16926,0.3492128989663496,48469,91101,0.8795725102642926,
marta-vieira-da-silva,Marta Vieira da Silva,玛塔,forward,https://www.futbin.com/27/player/701/marta-vieira-da-silva,https://www.futbin.com/26/player/1146/marta-vieira-da-silva,https://www.futbin.com/26/player/1146/marta-vieira-da-silva/market,captured,2258,2248,2509,2452,2694,2873,2623,7,2258,2623,365,0.1616474756421612,2248,2873,0.2780249110320285,2988,2430,2701,2472,2789,3036,2744,7,2988,2744,-244,-0.08165997322623829,2430,3036,0.24938271604938272,
robert-lewandowski,Robert Lewandowski,罗伯特·莱万多夫斯基,forward,https://www.futbin.com/27/player/722/robert-lewandowski,https://www.futbin.com/26/player/63/robert-lewandowski,https://www.futbin.com/26/player/63/robert-lewandowski/market,captured,9805,11484,9183,9130,9404,9263,8903,7,9805,8903,-902,-0.09199388067312596,8903,11484,0.2899022801302932,38322,13848,9853,8978,9692,9676,9319,7,38322,9319,-29003,-0.7568237565889046,8978,38322,3.2684339496547117,
antoine-griezmann,Antoine Griezmann,安托万·格里兹曼,forward,https://www.futbin.com/27/player/723/antoine-griezmann,https://www.futbin.com/26/player/795/antoine-griezmann,https://www.futbin.com/26/player/795/antoine-griezmann/market,captured,28312,29905,22021,21186,23556,22401,17417,7,28312,17417,-10895,-0.38481915795422433,17417,29905,0.71700063156686,28968,31970,20184,19396,23042,22505,17642,7,28968,17642,-11326,-0.3909831538249102,17642,31970,0.8121528171409137,
fridolina-rolfo,Fridolina Rolfö,弗里多丽娜·罗尔富,forward|defender,https://www.futbin.com/27/player/748/fridolina-rolfo,https://www.futbin.com/26/player/17314/fridolina-rolfo,https://www.futbin.com/26/player/17314/fridolina-rolfo/market,captured,1618,1250,2821,3138,3399,3160,2546,7,1618,2546,928,0.5735475896168108,1250,3399,1.7192,18361,1331,3009,3086,3356,3435,2638,7,18361,2638,-15723,-0.856325908174936,1331,18361,12.79489105935387,
geraldine-reuteler,Géraldine Reuteler,格拉尔迪娜·罗伊特勒,forward,https://www.futbin.com/27/player/753/geraldine-reuteler,https://www.futbin.com/26/player/1062/geraldine-reuteler,https://www.futbin.com/26/player/1062/geraldine-reuteler/market,captured,1698,1200,1204,1311,1344,1255,1014,7,1698,1014,-684,-0.4028268551236749,1014,1698,0.6745562130177515,1789,1279,1200,1200,1202,1153,1013,7,1789,1013,-776,-0.43376187814421463,1013,1789,0.7660414610069102,
aitana-bonmati-conca,Aitana Bonmatí Conca,艾塔娜·邦马蒂,midfield,https://www.futbin.com/27/player/6/aitana-bonmati-conca,https://www.futbin.com/26/player/111/aitana-bonmati-conca,https://www.futbin.com/26/player/111/aitana-bonmati-conca/market,captured,382580,373701,388931,396986,420271,456340,483139,7,382580,483139,100559,0.2628443724188405,373701,483139,0.2928490959349855,470255,430583,404319,397965,423701,484951,469674,7,470255,469674,-581,-0.0012354998883584438,397965,484951,0.218577010541128,
rodrigo-hernandez-cascante,Rodrigo Hernández Cascante,罗德里,midfield,https://www.futbin.com/27/player/13/rodrigo-hernandez-cascante,https://www.futbin.com/26/player/61/rodrigo-hernandez-cascante,https://www.futbin.com/26/player/61/rodrigo-hernandez-cascante/market,captured,32138,32248,28722,29905,31938,30821,28905,7,32138,28905,-3233,-0.10059742361067894,28722,32248,0.12276303878559988,43544,28938,26483,27036,29191,29552,27813,7,43544,27813,-15731,-0.36126676465184643,26483,43544,0.644224596911226,
vitor-machado-ferreira,Vítor Machado Ferreira,维蒂尼亚,midfield,https://www.futbin.com/27/player/44/vitor-machado-ferreira,https://www.futbin.com/26/player/68/vitor-machado-ferreira,https://www.futbin.com/26/player/68/vitor-machado-ferreira/market,captured,77200,86003,85677,84212,94146,96365,84083,7,77200,84083,6883,0.0891580310880829,77200,96365,0.24825129533678755,83636,74361,73809,72934,88038,89201,83014,7,83636,83014,-622,-0.007436988856473289,72934,89201,0.2230372665697754,
pedro-gonzalez-lopez,Pedro González López,佩德里,midfield,https://www.futbin.com/27/player/69/pedro-gonzalez-lopez,https://www.futbin.com/26/player/94/pedro-gonzalez-lopez,https://www.futbin.com/26/player/94/pedro-gonzalez-lopez/market,captured,92289,129708,130069,129715,141000,141465,127854,7,92289,127854,35565,0.3853655365211455,92289,141465,0.5328479017000942,80234,122764,115153,115118,137847,148514,130924,7,80234,130924,50690,0.6317770521225415,80234,148514,0.8510107934292195,
maria-francesca-caldentey-oliver,María Francesca Caldentey Oliver,马里奥娜·卡尔登泰,midfield,https://www.futbin.com/27/player/17/maria-francesca-caldentey-oliver,https://www.futbin.com/26/player/128/maria-francesca-caldentey-oliver,https://www.futbin.com/26/player/128/maria-francesca-caldentey-oliver/market,captured,31589,39019,39425,46436,55517,61399,54767,7,31589,54767,23178,0.7337364272373295,31589,61399,0.9436829276013802,37298,47804,49325,53774,69302,76198,69087,7,37298,69087,31789,0.8522977103329937,37298,76198,1.0429513646844335,
nuno-alexandre-tavares-mendes,Nuno Alexandre Tavares Mendes,努诺·门德斯,midfield|defender,https://www.futbin.com/27/player/39/nuno-alexandre-tavares-mendes,https://www.futbin.com/26/player/238/nuno-alexandre-tavares-mendes,https://www.futbin.com/26/player/238/nuno-alexandre-tavares-mendes/market,captured,262708,221313,204035,205333,215132,215708,205326,7,262708,205326,-57382,-0.2184250194131888,204035,262708,0.28756340823878257,286824,215083,203708,182201,199104,210653,202444,7,286824,202444,-84380,-0.2941873762307199,182201,286824,0.5742174850851532,
bruno-miguel-borges-fernandes,Bruno Miguel Borges Fernandes,布鲁诺·费尔南德斯,midfield,https://www.futbin.com/27/player/53/bruno-miguel-borges-fernandes,https://www.futbin.com/26/player/224/bruno-miguel-borges-fernandes,https://www.futbin.com/26/player/224/bruno-miguel-borges-fernandes/market,captured,16037,18245,14031,13934,14731,13893,12050,7,16037,12050,-3987,-0.24861258340088546,12050,18245,0.5141078838174273,22877,16744,11317,11479,12756,13067,11482,7,22877,11482,-11395,-0.4980985269047515,11317,22877,1.021472121586993,
patricia-guijarro-gutierrez,Patricia Guijarro Gutiérrez,派翠西亚·吉耶罗,midfield,https://www.futbin.com/27/player/23/patricia-guijarro-gutierrez,https://www.futbin.com/26/player/133/patricia-guijarro-gutierrez,https://www.futbin.com/26/player/133/patricia-guijarro-gutierrez/market,captured,96011,101354,96233,94247,104608,107892,98590,7,96011,98590,2579,0.026861505452500236,94247,107892,0.14477914416373996,99836,123378,99628,97622,112743,121500,113194,7,99836,113194,13358,0.1337994310669498,97622,123378,0.2638339718506074,
yui-hasegawa,Yui Hasegawa,长谷川唯,midfield,https://www.futbin.com/27/player/24/yui-hasegawa,https://www.futbin.com/26/player/545/yui-hasegawa,https://www.futbin.com/26/player/545/yui-hasegawa/market,captured,2827,2248,2416,2429,2639,2748,2546,7,2827,2546,-281,-0.09939865581888928,2248,2827,0.25756227758007116,3994,2775,2752,2544,2753,2976,2776,7,3994,2776,-1218,-0.3049574361542313,2544,3994,0.5699685534591195,
joshua-kimmich,Joshua Kimmich,约书亚·基米希,midfield|defender,https://www.futbin.com/27/player/85/joshua-kimmich,https://www.futbin.com/26/player/86/joshua-kimmich,https://www.futbin.com/26/player/86/joshua-kimmich/market,captured,32027,38260,40000,40000,40000,37902,35146,7,32027,35146,3119,0.09738658007306335,32027,40000,0.24894620164236425,37844,35644,35954,36196,39420,40703,37394,7,37844,37394,-450,-0.011890920621498784,35644,40703,0.14193132083941196,
declan-rice,Declan Rice,德克兰·赖斯,midfield,https://www.futbin.com/27/player/91/declan-rice,https://www.futbin.com/26/player/220/declan-rice,https://www.futbin.com/26/player/220/declan-rice/market,captured,24750,27217,22590,23170,25635,24405,20106,7,24750,20106,-4644,-0.18763636363636363,20106,27217,0.35367551974534966,29504,26059,19227,19411,25168,24625,22512,7,29504,22512,-6992,-0.23698481561822127,19227,29504,0.5345087637176886,
achraf-hakimi,Achraf Hakimi,阿什拉夫·哈基米,midfield|defender,https://www.futbin.com/27/player/102/achraf-hakimi,https://www.futbin.com/26/player/91/achraf-hakimi,https://www.futbin.com/26/player/91/achraf-hakimi/market,captured,315756,328757,299542,278785,281931,281701,260063,7,315756,260063,-55693,-0.17637986293213748,260063,328757,0.26414368826015233,344805,330847,304722,280924,292472,285576,262882,7,344805,262882,-81923,-0.2375922622931802,262882,344805,0.3116341172084814,
sakina-karchaoui,Sakina Karchaoui,萨基娜·卡尔沙维,midfield|defender,https://www.futbin.com/27/player/59/sakina-karchaoui,https://www.futbin.com/26/player/104/sakina-karchaoui,https://www.futbin.com/26/player/104/sakina-karchaoui/market,captured,50593,59509,58490,64514,72865,78913,66192,7,50593,66192,15599,0.3083232858300555,50593,78913,0.5597612317909593,73394,75479,68573,72969,87861,92736,83167,7,73394,83167,9773,0.13315802381666075,68573,92736,0.35236900821022854,
ona-batlle-pascual,Ona Batlle Pascual,安娜·巴耶,midfield|defender,https://www.futbin.com/27/player/61/ona-batlle-pascual,https://www.futbin.com/26/player/250/ona-batlle-pascual,https://www.futbin.com/26/player/250/ona-batlle-pascual/market,captured,3840,3880,4003,4176,4396,4448,4250,7,3840,4250,410,0.10677083333333333,3840,4448,0.15833333333333333,4954,4023,4118,4194,4430,4591,4420,7,4954,4420,-534,-0.10779168348809043,4023,4954,0.23141933880188914,
nicolo-barella,Nicolò Barella,尼科洛·巴雷拉,midfield,https://www.futbin.com/27/player/456/nicolo-barella,https://www.futbin.com/26/player/236/nicolo-barella,https://www.futbin.com/26/player/236/nicolo-barella/market,captured,47096,50861,40552,40354,41554,39050,33182,7,47096,33182,-13914,-0.29543910310854427,33182,50861,0.5327888614308963,63238,50576,38778,39625,45398,45165,38543,7,63238,38543,-24695,-0.3905088712483001,38543,63238,0.640712969929689,
federico-valverde,Federico Valverde,费德里科·巴尔韦德,midfield|defender,https://www.futbin.com/27/player/547/federico-valverde,https://www.futbin.com/26/player/56/federico-valverde,https://www.futbin.com/26/player/56/federico-valverde/market,captured,619079,570000,540701,512785,511771,529153,507118,7,619079,507118,-111961,-0.18085090917314267,507118,619079,0.22077899029417217,627143,595688,573681,554493,561069,573090,539028,7,627143,539028,-88115,-0.1405022458992606,539028,627143,0.16347017223595064,
mohamed-salah,Mohamed Salah,穆罕默德·萨拉赫,midfield,https://www.futbin.com/27/player/738/mohamed-salah,https://www.futbin.com/26/player/31/mohamed-salah,https://www.futbin.com/26/player/31/mohamed-salah/market,captured,725326,705458,630813,616458,596896,590653,579313,7,725326,579313,-146013,-0.20130672277017506,579313,725326,0.25204509479331555,1267079,759382,660333,597701,598410,606972,615965,7,1267079,615965,-651114,-0.5138700901838007,597701,1267079,1.1199211645956757,
georgia-stanway,Georgia Stanway,乔治亚·斯坦威,midfield,https://www.futbin.com/27/player/115/georgia-stanway,https://www.futbin.com/26/player/1028/georgia-stanway,https://www.futbin.com/26/player/1028/georgia-stanway/market,captured,2928,3032,2628,2582,2859,3075,2701,7,2928,2701,-227,-0.07752732240437159,2582,3075,0.19093725793958172,4684,3847,2858,2860,3077,3414,2958,7,4684,2958,-1726,-0.36848847139197266,2858,4684,0.6389083275017495,
katie-mccabe,Katie McCabe,凯蒂·麦凯布,midfield|defender,https://www.futbin.com/27/player/116/katie-mccabe,https://www.futbin.com/26/player/232/katie-mccabe,https://www.futbin.com/26/player/232/katie-mccabe/market,captured,10266,10250,10250,10250,10250,9181,6289,7,10266,6289,-3977,-0.3873952854081434,6289,10266,0.6323739863253299,25967,10250,10250,10250,10250,9499,6579,7,25967,6579,-19388,-0.7466399661108329,6579,25967,2.946952424380605,
martin-odegaard,Martin Ødegaard,马丁·厄德高,midfield,https://www.futbin.com/27/player/243/martin-odegaard,https://www.futbin.com/26/player/231/martin-odegaard,https://www.futbin.com/26/player/231/martin-odegaard/market,captured,10217,16356,13063,12638,13384,12490,10715,7,10217,10715,498,0.04874229225800137,10217,16356,0.6008613095820691,12186,18103,11932,10889,12391,11892,10807,7,12186,10807,-1379,-0.1131626456589529,10807,18103,0.6751179790876284,
bruno-guimaraes-moura,Bruno Guimarães Moura,布鲁诺·吉马良斯,midfield,https://www.futbin.com/27/player/247/bruno-guimaraes-moura,https://www.futbin.com/26/player/247/bruno-guimaraes-moura,https://www.futbin.com/26/player/247/bruno-guimaraes-moura/market,captured,5294,6521,4797,4748,5028,4938,4469,7,5294,4469,-825,-0.15583679637325273,4469,6521,0.45916312374132917,9898,5554,4421,4286,4556,4688,4452,7,9898,4452,-5446,-0.5502121640735502,4286,9898,1.3093793747083529,
moises-caicedo,Moisés Caicedo,摩西斯·卡些度,midfield,https://www.futbin.com/27/player/251/moises-caicedo,https://www.futbin.com/26/player/219/moises-caicedo,https://www.futbin.com/26/player/219/moises-caicedo/market,captured,49048,49625,43172,43642,48929,50132,43552,7,49048,43552,-5496,-0.112053498613603,43172,50132,0.16121560270545723,94711,43354,36339,36432,42625,45017,40569,7,94711,40569,-54142,-0.5716548236213322,36339,94711,1.6063182806351304,
scott-mctominay,Scott McTominay,麦汤明尼,midfield,https://www.futbin.com/27/player/457/scott-mctominay,https://www.futbin.com/26/player/206/scott-mctominay,https://www.futbin.com/26/player/206/scott-mctominay/market,captured,14199,13678,7096,5859,5696,5110,3947,7,14199,3947,-10252,-0.7220226776533558,3947,14199,2.597415758804155,13667,10405,5044,4054,4049,3965,3396,7,13667,3396,-10271,-0.7515182556523011,3396,13667,3.024440518256773,
federico-dimarco,Federico Dimarco,费德里科·迪马尔科,midfield|defender,https://www.futbin.com/27/player/458/federico-dimarco,https://www.futbin.com/26/player/17306/federico-dimarco,https://www.futbin.com/26/player/17306/federico-dimarco/market,captured,6719,8026,6761,6944,6897,6582,5051,7,6719,5051,-1668,-0.2482512278612889,5051,8026,0.5889922787566818,7176,7324,5781,5916,6654,6700,4582,7,7176,4582,-2594,-0.36148272017837235,4582,7324,0.5984286337843736,
frenkie-de-jong,Frenkie de Jong,弗兰基·德容,midfield,https://www.futbin.com/27/player/552/frenkie-de-jong,https://www.futbin.com/26/player/218/frenkie-de-jong,https://www.futbin.com/26/player/218/frenkie-de-jong/market,captured,180472,182424,180403,186792,198674,209507,199229,7,180472,199229,18757,0.10393302008067734,180403,209507,0.16132769410708248,184934,197778,173382,165132,188757,197688,184257,7,184934,184257,-677,-0.003660765462273027,165132,197778,0.19769638834387035,
caroline-weir,Caroline Weir,,midfield,https://www.futbin.com/27/player/624/caroline-weir,https://www.futbin.com/26/player/865/caroline-weir,https://www.futbin.com/26/player/865/caroline-weir/market,captured,2200,2327,2449,2417,2617,2696,2531,7,2200,2531,331,0.15045454545454545,2200,2696,0.22545454545454546,2889,2405,2581,2466,2695,2863,2641,7,2889,2641,-248,-0.08584285219799238,2405,2889,0.20124740124740126,
erin-cuthbert,Erin Cuthbert,埃琳·卡思伯特,midfield,https://www.futbin.com/27/player/150/erin-cuthbert,https://www.futbin.com/26/player/541/erin-cuthbert,https://www.futbin.com/26/player/541/erin-cuthbert/market,captured,2406,2352,2427,2447,2652,2746,2575,7,2406,2575,169,0.07024106400665005,2352,2746,0.16751700680272108,4468,2908,2679,2624,2815,2972,2820,7,4468,2820,-1648,-0.36884512085944493,2624,4468,0.7027439024390244,
lucy-bronze,Lucy Bronze,露西·布龙泽,midfield|defender,https://www.futbin.com/27/player/156/lucy-bronze,https://www.futbin.com/26/player/126/lucy-bronze,https://www.futbin.com/26/player/126/lucy-bronze/market,captured,5555,5723,5804,6025,6394,6538,6255,7,5555,6255,700,0.126012601260126,5555,6538,0.17695769576957696,7595,5927,5880,6191,6607,6812,6577,7,7595,6577,-1018,-0.13403554970375248,5880,7595,0.2916666666666667,
keira-walsh,Keira Walsh,凯拉·沃尔什,midfield,https://www.futbin.com/27/player/169/keira-walsh,https://www.futbin.com/26/player/570/keira-walsh,https://www.futbin.com/26/player/570/keira-walsh/market,captured,2291,2246,2412,2436,2642,2724,2544,7,2291,2544,253,0.11043212570929725,2246,2724,0.21282279608192342,2504,2326,2526,2490,2685,2882,2673,7,2504,2673,169,0.06749201277955272,2326,2882,0.23903697334479793,
youri-tielemans,Youri Tielemans,约埃里·蒂耶莱曼斯,midfield,https://www.futbin.com/27/player/232/youri-tielemans,https://www.futbin.com/26/player/309/youri-tielemans,https://www.futbin.com/26/player/309/youri-tielemans/market,captured,2389,2553,2516,2554,2745,2829,2642,7,2389,2642,253,0.10590205106739221,2389,2829,0.18417748011720386,3546,2528,2558,2524,2783,2959,2742,7,3546,2742,-804,-0.22673434856175972,2524,3546,0.40491283676703643,
sandro-tonali,Sandro Tonali,桑德罗·托纳利,midfield,https://www.futbin.com/27/player/237/sandro-tonali,https://www.futbin.com/26/player/255/sandro-tonali,https://www.futbin.com/26/player/255/sandro-tonali/market,captured,40896,36194,28007,27594,29220,27552,22122,7,40896,22122,-18774,-0.4590669014084507,22122,40896,0.8486574450772986,53803,33500,24344,24568,28675,28894,23714,7,53803,23714,-30089,-0.5592439083322491,23714,53803,1.2688285401028927,
granit-xhaka,Granit Xhaka,格拉尼特·扎卡,midfield,https://www.futbin.com/27/player/242/granit-xhaka,https://www.futbin.com/26/player/362/granit-xhaka,https://www.futbin.com/26/player/362/granit-xhaka/market,captured,2335,2555,2640,2523,2715,2817,2621,7,2335,2621,286,0.12248394004282655,2335,2817,0.20642398286937902,3186,2496,2685,2540,2765,2936,2698,7,3186,2698,-488,-0.15317011927181418,2496,3186,0.2764423076923077,
ryan-gravenberch,Ryan Gravenberch,瑞安·格拉文贝尔赫,midfield,https://www.futbin.com/27/player/298/ryan-gravenberch,https://www.futbin.com/26/player/305/ryan-gravenberch,https://www.futbin.com/26/player/305/ryan-gravenberch/market,captured,105556,108003,100569,108073,114458,114083,113059,7,105556,113059,7503,0.07108075334419645,100569,114458,0.13810418717497439,94972,94865,81545,89826,100177,103198,101771,7,94972,101771,6799,0.07158952112201492,81545,103198,0.2655343675271323,
kevin-de-bruyne,Kevin De Bruyne,凯文·德布劳内,midfield,https://www.futbin.com/27/player/463/kevin-de-bruyne,https://www.futbin.com/26/player/193/kevin-de-bruyne,https://www.futbin.com/26/player/193/kevin-de-bruyne/market,captured,13063,13841,9717,9364,9173,8585,7281,7,13063,7281,-5782,-0.4426242057720279,7281,13841,0.9009751407773657,32923,13805,8905,8344,8439,7974,7048,7,32923,7048,-25875,-0.7859247334690034,7048,32923,3.6712542565266744,
hakan-calhanoglu,Hakan Çalhanoğlu,哈坎·恰尔汗奥卢,midfield,https://www.futbin.com/27/player/464/hakan-calhanoglu,https://www.futbin.com/26/player/252/hakan-calhanoglu,https://www.futbin.com/26/player/252/hakan-calhanoglu/market,captured,4938,5894,4732,4763,5231,5117,4544,7,4938,4544,-394,-0.0797893884163629,4544,5894,0.2970950704225352,17353,7046,4795,4651,5441,5487,4686,7,17353,4686,-12667,-0.729960237422924,4651,17353,2.731025585895506,
willian-pacho,Willian Pacho,威廉·帕乔,defender,https://www.futbin.com/27/player/25/willian-pacho,https://www.futbin.com/26/player/249/willian-pacho,https://www.futbin.com/26/player/249/willian-pacho/market,captured,192493,149208,137590,134813,140299,141285,125674,7,192493,125674,-66819,-0.347124311013907,125674,192493,0.531685153651511,188150,133476,111757,108736,130347,142181,126819,7,188150,126819,-61331,-0.3259686420409248,108736,188150,0.7303376986462625,
gabriel-dos-s-magalhaes,Gabriel dos S. Magalhães,加布里埃尔·马加良斯,defender,https://www.futbin.com/27/player/78/gabriel-dos-s-magalhaes,https://www.futbin.com/26/player/42/gabriel-dos-s-magalhaes,https://www.futbin.com/26/player/42/gabriel-dos-s-magalhaes/market,captured,10721,13173,10203,10034,10009,9538,8927,7,10721,8927,-1794,-0.16733513664770078,8927,13173,0.4756357118852918,13454,10729,8629,8609,9184,9271,9015,7,13454,9015,-4439,-0.32993905158317227,8609,13454,0.5627831339296085,
maria-pilar-leon-cebrian,María Pilar León Cebrián,玛丽亚·利昂,defender,https://www.futbin.com/27/player/21/maria-pilar-leon-cebrian,https://www.futbin.com/26/player/142/maria-pilar-leon-cebrian,https://www.futbin.com/26/player/142/maria-pilar-leon-cebrian/market,captured,12282,13638,13338,13877,14540,14964,14450,7,12282,14450,2168,0.1765184823318678,12282,14964,0.21836834391792867,27310,14496,13342,14349,16009,16679,15804,7,27310,15804,-11506,-0.42131087513731236,13342,27310,1.0469195023234896,
william-saliba,William Saliba,威廉·萨利巴,defender,https://www.futbin.com/27/player/92/william-saliba,https://www.futbin.com/26/player/225/william-saliba,https://www.futbin.com/26/player/225/william-saliba/market,captured,252978,201722,181535,176757,177313,174549,152007,7,252978,152007,-100971,-0.39912956857908594,152007,252978,0.6642523041702026,283719,203139,172285,166208,175035,175993,159021,7,283719,159021,-124698,-0.43951233438719295,159021,283719,0.784160582564567,
virgil-van-dijk,Virgil van Dijk,维吉尔·范戴克,defender,https://www.futbin.com/27/player/96/virgil-van-dijk,https://www.futbin.com/26/player/62/virgil-van-dijk,https://www.futbin.com/26/player/62/virgil-van-dijk/market,captured,403562,352840,290243,267729,264757,265569,247507,7,403562,247507,-156055,-0.3866939900188819,247507,403562,0.6305074199921619,617823,381451,309667,268424,272882,268472,249965,7,617823,249965,-367858,-0.5954100122527002,249965,617823,1.4716380293241054,
irene-paredes-hernandez,Irene Paredes Hernández,伊莲内·帕雷德斯,defender,https://www.futbin.com/27/player/51/irene-paredes-hernandez,https://www.futbin.com/26/player/110/irene-paredes-hernandez,https://www.futbin.com/26/player/110/irene-paredes-hernandez/market,captured,6905,7631,7471,7846,8426,8619,8462,7,6905,8462,1557,0.22548877624909486,6905,8619,0.24822592324402606,19912,8208,7704,8178,8777,9045,8912,7,19912,8912,-11000,-0.5524306950582564,7704,19912,1.584631360332295,
ruben-santos-gato-alves-dias,Rúben Santos Gato Alves Dias,鲁本·迪亚斯,defender,https://www.futbin.com/27/player/224/ruben-santos-gato-alves-dias,https://www.futbin.com/26/player/245/ruben-santos-gato-alves-dias,https://www.futbin.com/26/player/245/ruben-santos-gato-alves-dias/market,captured,4306,5335,4670,4697,4964,4875,4598,7,4306,4598,292,0.06781235485369252,4306,5335,0.23896888063167673,19210,4528,4298,4304,4594,4720,4535,7,19210,4535,-14675,-0.7639250390421656,4298,19210,3.4695207073057235,
dayot-upamecano,Dayot Upamecano,达约特·乌帕梅卡诺,defender,https://www.futbin.com/27/player/320/dayot-upamecano,https://www.futbin.com/26/player/1008/dayot-upamecano,https://www.futbin.com/26/player/1008/dayot-upamecano/market,captured,25500,30528,25295,24300,25375,23953,19017,7,25500,19017,-6483,-0.25423529411764706,19017,30528,0.6053005205868434,24023,25877,20132,21759,23474,23000,18934,7,24023,18934,-5089,-0.21183865462265328,18934,25877,0.3666948346889194,
jonathan-tah,Jonathan Tah,约纳坦·塔,defender,https://www.futbin.com/27/player/337/jonathan-tah,https://www.futbin.com/26/player/227/jonathan-tah,https://www.futbin.com/26/player/227/jonathan-tah/market,captured,7173,8471,6801,6973,6957,6859,6435,7,7173,6435,-738,-0.1028858218318695,6435,8471,0.3163947163947164,14723,7543,6533,6592,6804,6933,6731,7,14723,6731,-7992,-0.5428241526862732,6533,14723,1.253635389560692,
marcos-aoas-correa,Marcos Aoás Corrêa,马尔基尼奥斯,defender,https://www.futbin.com/27/player/651/marcos-aoas-correa,https://www.futbin.com/26/player/221/marcos-aoas-correa,https://www.futbin.com/26/player/221/marcos-aoas-correa/market,captured,62798,55755,53432,54356,62694,66899,60628,7,62798,60628,-2170,-0.034555240612758366,53432,66899,0.252039976044318,71124,48703,45212,50663,61514,66257,61146,7,71124,61146,-9978,-0.14029019740172094,45212,71124,0.573122179952225,
nico-schlotterbeck,Nico Schlotterbeck,尼科·施洛特贝克,defender,https://www.futbin.com/27/player/739/nico-schlotterbeck,https://www.futbin.com/26/player/1003/nico-schlotterbeck,https://www.futbin.com/26/player/1003/nico-schlotterbeck/market,captured,11124,12006,8246,7673,8121,7872,7253,7,11124,7253,-3871,-0.3479863358504135,7253,12006,0.6553150420515649,13028,12595,8041,7202,8496,8778,8374,7,13028,8374,-4654,-0.35723058028860916,7202,13028,0.8089419605665094,
gleison-bremer-silva-nascimento,Gleison Bremer Silva Nascimento,格雷森·布雷默,defender,https://www.futbin.com/27/player/459/gleison-bremer-silva-nascimento,https://www.futbin.com/26/player/174/gleison-bremer-silva-nascimento,https://www.futbin.com/26/player/174/gleison-bremer-silva-nascimento/market,captured,48104,49625,40648,40130,41698,39184,33455,7,48104,33455,-14649,-0.3045276900049892,33455,49625,0.48333582424151844,47433,43568,37431,37316,40604,41231,35328,7,47433,35328,-12105,-0.2552020745050914,35328,47433,0.3426460597826087,
alessandro-bastoni,Alessandro Bastoni,亚历山德罗·巴斯托尼,defender,https://www.futbin.com/27/player/461/alessandro-bastoni,https://www.futbin.com/26/player/216/alessandro-bastoni,https://www.futbin.com/26/player/216/alessandro-bastoni/market,captured,20883,24158,19901,19766,20288,19085,15311,7,20883,15311,-5572,-0.26681990135516925,15311,24158,0.5778198680687088,22810,21319,17842,18288,19717,19273,16080,7,22810,16080,-6730,-0.29504603244191147,16080,22810,0.4185323383084577,
marc-cucurella-saseta,Marc Cucurella Saseta,马克·库库雷利亚,defender,https://www.futbin.com/27/player/550/marc-cucurella-saseta,https://www.futbin.com/26/player/384/marc-cucurella-saseta,https://www.futbin.com/26/player/384/marc-cucurella-saseta/market,captured,1486,1891,1465,1364,1402,1318,1224,7,1486,1224,-262,-0.17631224764468373,1224,1891,0.5449346405228758,1459,1671,1267,1203,1220,1208,1098,7,1459,1098,-361,-0.24742974640164497,1098,1671,0.5218579234972678,
maya-le-tissier,Maya Le Tissier,玛也·拿铁斯,defender,https://www.futbin.com/27/player/139/maya-le-tissier,https://www.futbin.com/26/player/17328/maya-le-tissier,https://www.futbin.com/26/player/17328/maya-le-tissier/market,captured,1345,1200,1206,1207,1211,1138,993,7,1345,993,-352,-0.2617100371747212,993,1345,0.3544813695871098,1473,1200,1202,1217,1213,1152,1061,7,1473,1061,-412,-0.27970128988458925,1061,1473,0.3883129123468426,
josko-gvardiol,Joško Gvardiol,约什科·格瓦迪奥尔,defender,https://www.futbin.com/27/player/438/josko-gvardiol,https://www.futbin.com/26/player/377/josko-gvardiol,https://www.futbin.com/26/player/377/josko-gvardiol/market,captured,8368,11506,8664,8339,9159,8481,6828,7,8368,6828,-1540,-0.18403441682600383,6828,11506,0.685120093731693,9735,12173,9094,8565,10660,10365,8507,7,9735,8507,-1228,-0.1261427837699024,8507,12173,0.430939226519337,
marc-guehi,Marc Guéhi,马克·格希,defender,https://www.futbin.com/27/player/439/marc-guehi,https://www.futbin.com/26/player/402/marc-guehi,https://www.futbin.com/26/player/402/marc-guehi/market,captured,716,789,670,695,720,700,833,7,716,833,117,0.1634078212290503,670,833,0.24328358208955222,740,741,657,699,727,718,827,7,740,827,87,0.11756756756756757,657,827,0.258751902587519,
alejandro-grimaldo-garcia,Alejandro Grimaldo García,亚力斯·格里马尔多,defender,https://www.futbin.com/27/player/553/alejandro-grimaldo-garcia,https://www.futbin.com/26/player/1024/alejandro-grimaldo-garcia,https://www.futbin.com/26/player/1024/alejandro-grimaldo-garcia/market,captured,18904,41530,36146,31203,32616,34837,32439,7,18904,32439,13535,0.7159860347016505,18904,41530,1.1968895471857808,10000,59640,38500,50198,52407,49769,36573,7,10000,36573,26573,2.6573,10000,59640,4.964,
marcos-llorente-moreno,Marcos Llorente Moreno,马科斯·略伦特,defender,https://www.futbin.com/27/player/715/marcos-llorente-moreno,https://www.futbin.com/26/player/952/marcos-llorente-moreno,https://www.futbin.com/26/player/952/marcos-llorente-moreno/market,captured,197056,277850,290031,293962,295211,295051,292308,7,197056,292308,95252,0.4833752841831764,197056,295211,0.4981071370574862,183280,284689,284648,294833,294886,293194,237810,7,183280,237810,54530,0.2975229157573112,183280,294886,0.608937145351375,
leah-williamson,Leah Williamson,利亚威廉森,defender,https://www.futbin.com/27/player/743/leah-williamson,https://www.futbin.com/26/player/98/leah-williamson,https://www.futbin.com/26/player/98/leah-williamson/market,captured,5990,5700,5749,6012,6406,6528,6219,7,5990,6219,229,0.03823038397328882,5700,6528,0.14526315789473684,9120,6587,5982,6298,6689,6946,6646,7,9120,6646,-2474,-0.2712719298245614,5982,9120,0.5245737211634904,
jules-kounde,Jules Koundé,朱尔·昆代,defender,https://www.futbin.com/27/player/746/jules-kounde,https://www.futbin.com/26/player/223/jules-kounde,https://www.futbin.com/26/player/223/jules-kounde/market,captured,181607,165632,154917,158174,167986,176000,164535,7,181607,164535,-17072,-0.09400518702472922,154917,181607,0.17228580465668714,191753,164486,151222,154021,166299,165993,163931,7,191753,163931,-27822,-0.14509290597800295,151222,191753,0.2680231712316991,
naomi-girma,Naomi Girma,娜欧蜜·吉尔玛,defender,https://www.futbin.com/27/player/157/naomi-girma,https://www.futbin.com/26/player/563/naomi-girma,https://www.futbin.com/26/player/563/naomi-girma/market,captured,2452,2294,2451,2492,2678,2777,2593,7,2452,2593,141,0.05750407830342578,2294,2777,0.2105492589363557,5638,2643,2634,2511,2800,2981,2743,7,5638,2743,-2895,-0.5134799574317134,2511,5638,1.2453205894066108,
ezri-konsa,Ezri Konsa,安斯·干沙,defender,https://www.futbin.com/27/player/294/ezri-konsa,https://www.futbin.com/26/player/403/ezri-konsa,https://www.futbin.com/26/player/403/ezri-konsa/market,captured,2469,3318,1568,1108,1927,1830,1450,7,2469,1450,-1019,-0.41271769947347103,1108,3318,1.9945848375451263,2302,3189,1258,951,1835,1703,1405,7,2302,1405,-897,-0.3896611642050391,951,3189,2.3533123028391167,
vanessa-gilles,Vanessa Gilles,范内莎·吉伊,defender,https://www.futbin.com/27/player/380/vanessa-gilles,https://www.futbin.com/26/player/17381/vanessa-gilles,https://www.futbin.com/26/player/17381/vanessa-gilles/market,captured,850,850,850,850,850,820,750,7,850,750,-100,-0.11764705882352941,750,850,0.13333333333333333,850,850,850,850,850,822,750,7,850,750,-100,-0.11764705882352941,750,850,0.13333333333333333,
giulia-gwinn,Giulia Gwinn,朱莉娅·格温,defender,https://www.futbin.com/27/player/384/giulia-gwinn,https://www.futbin.com/26/player/302/giulia-gwinn,https://www.futbin.com/26/player/302/giulia-gwinn/market,captured,1745,1582,1299,1375,1390,1309,1070,7,1745,1070,-675,-0.3868194842406877,1070,1745,0.6308411214953271,5411,2635,1660,1385,1410,1447,1269,7,5411,1269,-4142,-0.7654777305488819,1269,5411,3.263987391646966,
glodis-perla-viggosdottir,Glódís Perla Viggósdóttir,,defender,https://www.futbin.com/27/player/387/glodis-perla-viggosdottir,https://www.futbin.com/26/player/1069/glodis-perla-viggosdottir,https://www.futbin.com/26/player/1069/glodis-perla-viggosdottir/market,captured,1230,1200,1200,1200,1200,1121,953,7,1230,953,-277,-0.2252032520325203,953,1230,0.2906610703043022,1346,1200,1200,1200,1200,1137,977,7,1346,977,-369,-0.27414561664190196,977,1346,0.37768679631525076,
janina-minge,Janina Minge,亚妮娜·明格,defender,https://www.futbin.com/27/player/388/janina-minge,https://www.futbin.com/26/player/1078/janina-minge,https://www.futbin.com/26/player/1078/janina-minge/market,captured,1563,1200,1200,1200,1200,1125,960,7,1563,960,-603,-0.3857965451055662,960,1563,0.628125,1988,1200,1200,1200,1200,1138,995,7,1988,995,-993,-0.4994969818913481,995,1988,0.9979899497487437,
gianluca-mancini,Gianluca Mancini,詹卢卡·曼奇尼,defender,https://www.futbin.com/27/player/471/gianluca-mancini,https://www.futbin.com/26/player/205/gianluca-mancini,https://www.futbin.com/26/player/205/gianluca-mancini/market,captured,850,850,850,850,850,819,750,7,850,750,-100,-0.11764705882352941,750,850,0.13333333333333333,850,850,850,850,850,822,750,7,850,750,-100,-0.11764705882352941,750,850,0.13333333333333333,
aurelien-tchouameni,Aurélien Tchouaméni,奥雷利安·楚阿梅尼,defender,https://www.futbin.com/27/player/558/aurelien-tchouameni,https://www.futbin.com/26/player/884/aurelien-tchouameni,https://www.futbin.com/26/player/884/aurelien-tchouameni/market,captured,24795,23189,17720,18668,22608,22689,18795,7,24795,18795,-6000,-0.24198427102238354,17720,24795,0.3992663656884876,31284,24540,17300,18149,24498,26134,20979,7,31284,20979,-10305,-0.3294016110471807,17300,31284,0.8083236994219654,
ibrahima-konate,Ibrahima Konaté,伊布拉西马·科纳特,defender,https://www.futbin.com/27/player/562/ibrahima-konate,https://www.futbin.com/26/player/251/ibrahima-konate,https://www.futbin.com/26/player/251/ibrahima-konate/market,captured,58447,70816,57479,52934,54090,51061,42356,7,58447,42356,-16091,-0.27530925453829963,42356,70816,0.6719236943998489,57945,63427,48786,47280,51715,50172,44031,7,57945,44031,-13914,-0.2401242557597722,44031,63427,0.4405078240330676,
wendie-renard,Wendie Renard,温迪·勒纳尔,defender,https://www.futbin.com/27/player/629/wendie-renard,https://www.futbin.com/26/player/17313/wendie-renard,https://www.futbin.com/26/player/17313/wendie-renard/market,captured,2200,2243,2461,2484,2670,2776,2750,7,2200,2750,550,0.25,2200,2776,0.26181818181818184,3083,2319,2540,2493,2733,2897,2903,7,3083,2903,-180,-0.058384690236782354,2319,3083,0.3294523501509271,
ingrid-syrstad-engen,Ingrid Syrstad Engen,英格丽·希利斯塔德·恩根,defender,https://www.futbin.com/27/player/630/ingrid-syrstad-engen,https://www.futbin.com/26/player/17326/ingrid-syrstad-engen,https://www.futbin.com/26/player/17326/ingrid-syrstad-engen/market,captured,1245,1200,1200,1200,1200,1127,958,7,1245,958,-287,-0.23052208835341365,958,1245,0.29958246346555323,1369,1200,1200,1200,1200,1144,992,7,1369,992,-377,-0.2753834915997078,992,1369,0.3800403225806452,
eder-gabriel-militao,Éder Gabriel Militão,埃德尔·米利唐,defender,https://www.futbin.com/27/player/680/eder-gabriel-militao,https://www.futbin.com/26/player/811/eder-gabriel-militao,https://www.futbin.com/26/player/811/eder-gabriel-militao/market,captured,72365,65663,58510,65681,70420,70694,71510,7,72365,71510,-855,-0.011815103986733919,58510,72365,0.2367971286959494,67683,60068,54335,61635,69750,72313,71604,7,67683,71604,3921,0.057931829262887286,54335,72313,0.3308732860955185,
trent-alexander-arnold,Trent Alexander-Arnold,特伦特·亚历山大-阿诺德,defender,https://www.futbin.com/27/player/681/trent-alexander-arnold,https://www.futbin.com/26/player/244/trent-alexander-arnold,https://www.futbin.com/26/player/244/trent-alexander-arnold/market,captured,6109,8051,6616,6760,7435,6889,5859,7,6109,5859,-250,-0.04092322802422655,5859,8051,0.3741252773510838,15068,7398,6053,5846,6659,6608,5535,7,15068,5535,-9533,-0.6326652508627555,5535,15068,1.722312556458898,
steph-catley,Steph Catley,史蒂芬妮·凯特莉,defender,https://www.futbin.com/27/player/749/steph-catley,https://www.futbin.com/26/player/17315/steph-catley,https://www.futbin.com/26/player/17315/steph-catley/market,captured,1735,1225,1244,1256,1308,1194,1043,7,1735,1043,-692,-0.3988472622478386,1043,1735,0.663470757430489,8726,2971,1301,1286,1269,1213,1085,7,8726,1085,-7641,-0.8756589502635801,1085,8726,7.042396313364056,
piero-hincapie,Piero Hincapié,皮耶罗·欣卡皮耶,defender,https://www.futbin.com/27/player/763/piero-hincapie,https://www.futbin.com/26/player/398/piero-hincapie,https://www.futbin.com/26/player/398/piero-hincapie/market,captured,93826,96759,96853,98141,96570,98933,99550,7,93826,99550,5724,0.06100654402830772,93826,99550,0.06100654402830772,,,,,100000,,,1,,,,,100000,100000,0,
willi-orban,Willi Orbán,威利·奥尔班,defender,https://www.futbin.com/27/player/371/willi-orban,https://www.futbin.com/26/player/1015/willi-orban,https://www.futbin.com/26/player/1015/willi-orban/market,captured,1214,1200,1200,1200,1200,1129,969,7,1214,969,-245,-0.20181219110378912,969,1214,0.2528379772961816,1517,1200,1200,1200,1200,1139,983,7,1517,983,-534,-0.35201054713249835,983,1517,0.54323499491353,
amir-rrahmani,Amir Rrahmani,阿米尔·拉赫马尼,defender,https://www.futbin.com/27/player/474/amir-rrahmani,https://www.futbin.com/26/player/279/amir-rrahmani,https://www.futbin.com/26/player/279/amir-rrahmani/market,captured,850,850,850,850,850,819,750,7,850,750,-100,-0.11764705882352941,750,850,0.13333333333333333,850,850,850,850,850,822,750,7,850,750,-100,-0.11764705882352941,750,850,0.13333333333333333,
inigo-martinez-berridi,Iñigo Martínez Berridi,伊尼戈·马丁内斯,defender,https://www.futbin.com/27/player/571/inigo-martinez-berridi,https://www.futbin.com/26/player/725/inigo-martinez-berridi,https://www.futbin.com/26/player/725/inigo-martinez-berridi/market,captured,18467,42380,30332,26003,25611,26040,33587,7,18467,33587,15120,0.8187577841555207,18467,42380,1.294904424107868,,,,,,,5816,1,,5816,,,5816,5816,0,
griedge-mbock,Griedge Mbock,格丽奇·姆博克·巴蒂,defender,https://www.futbin.com/27/player/633/griedge-mbock,https://www.futbin.com/26/player/17378/griedge-mbock,https://www.futbin.com/26/player/17378/griedge-mbock/market,captured,850,850,850,850,850,820,750,7,850,750,-100,-0.11764705882352941,750,850,0.13333333333333333,850,850,850,850,850,822,750,7,850,750,-100,-0.11764705882352941,750,850,0.13333333333333333,
ashley-lawrence,Ashley Lawrence,阿什莉·劳伦斯,defender,https://www.futbin.com/27/player/636/ashley-lawrence,https://www.futbin.com/26/player/17319/ashley-lawrence,https://www.futbin.com/26/player/17319/ashley-lawrence/market,captured,1234,1200,1200,1200,1200,1127,969,7,1234,969,-265,-0.21474878444084278,969,1234,0.27347781217750256,2986,1200,1200,1200,1200,1150,988,7,2986,988,-1998,-0.6691225720026792,988,2986,2.022267206477733,
olga-carmona-garcia,Olga Carmona García,奥尔加·卡莫纳,defender,https://www.futbin.com/27/player/637/olga-carmona-garcia,https://www.futbin.com/26/player/17316/olga-carmona-garcia,https://www.futbin.com/26/player/17316/olga-carmona-garcia/market,captured,1422,1326,1333,1409,1458,1417,1312,7,1422,1312,-110,-0.07735583684950774,1312,1458,0.11128048780487805,2533,1659,1319,1265,1353,1348,1126,7,2533,1126,-1407,-0.5554678247137781,1126,2533,1.2495559502664297,
denzel-dumfries,Denzel Dumfries,丹佐·邓弗里斯,defender,https://www.futbin.com/27/player/682/denzel-dumfries,https://www.futbin.com/26/player/17318/denzel-dumfries,https://www.futbin.com/26/player/17318/denzel-dumfries/market,captured,6354,7435,5216,4866,4863,4475,3309,7,6354,3309,-3045,-0.47922568460812087,3309,7435,1.2469023874282261,7230,6966,4792,4051,4391,4330,3261,7,7230,3261,-3969,-0.5489626556016598,3261,7230,1.217111315547378,
antonio-rudiger,Antonio Rüdiger,安东尼奥·吕迪格,defender,https://www.futbin.com/27/player/683/antonio-rudiger,https://www.futbin.com/26/player/240/antonio-rudiger,https://www.futbin.com/26/player/240/antonio-rudiger/market,captured,99449,89128,76146,76851,80635,77795,68486,7,99449,68486,-30963,-0.31134551378093295,68486,99449,0.45210699997079695,247971,88438,76444,75420,85181,82233,72476,7,247971,72476,-175495,-0.7077238870674394,72476,247971,2.42142226392185,
pedro-antonio-porro-sauceda,Pedro Antonio Porro Sauceda,佩德罗·波罗,defender,https://www.futbin.com/27/player/689/pedro-antonio-porro-sauceda,https://www.futbin.com/26/player/404/pedro-antonio-porro-sauceda,https://www.futbin.com/26/player/404/pedro-antonio-porro-sauceda/market,captured,702,803,695,676,683,699,750,7,702,750,48,0.06837606837606838,676,803,0.1878698224852071,756,789,661,661,676,698,750,7,756,750,-6,-0.007936507936507936,661,789,0.19364599092284418,
emily-sonnett,Emily Sonnett,艾蜜莉·索尼特,defender,https://www.futbin.com/27/player/710/emily-sonnett,https://www.futbin.com/26/player/17360/emily-sonnett,https://www.futbin.com/26/player/17360/emily-sonnett/market,captured,886,891,854,861,863,836,781,7,886,781,-105,-0.11851015801354402,781,891,0.14084507042253522,857,951,865,876,856,849,813,7,857,813,-44,-0.051341890315052506,813,951,0.16974169741697417,
david-hancko,Dávid Hancko,达维德·汉茨科,defender,https://www.futbin.com/27/player/780/david-hancko,https://www.futbin.com/26/player/17353/david-hancko,https://www.futbin.com/26/player/17353/david-hancko/market,captured,2632,3969,1832,1467,1759,1559,1289,7,2632,1289,-1343,-0.5102583586626139,1289,3969,2.079131109387122,3195,4427,1765,1177,1648,1379,1000,7,3195,1000,-2195,-0.6870109546165885,1000,4427,3.427,
joao-pedro-cavaco-cancelo,João Pedro Cavaco Cancelo,若昂·坎塞洛,defender,https://www.futbin.com/27/player/787/joao-pedro-cavaco-cancelo,https://www.futbin.com/26/player/735/joao-pedro-cavaco-cancelo,https://www.futbin.com/26/player/735/joao-pedro-cavaco-cancelo/market,captured,2278,2364,1368,1398,1419,1333,1120,7,2278,1120,-1158,-0.5083406496927129,1120,2364,1.1107142857142858,5139,2511,1318,1227,1245,1232,1058,7,5139,1058,-4081,-0.794123370305507,1058,5139,3.8572778827977316,
sara-doorsoun,Sara Doorsoun,萨拉·杜尔松,defender,https://www.futbin.com/27/player/397/sara-doorsoun,https://www.futbin.com/26/player/17324/sara-doorsoun,https://www.futbin.com/26/player/17324/sara-doorsoun/market,captured,1238,1200,1200,1200,1200,1131,977,7,1238,977,-261,-0.21082390953150243,977,1238,0.2671443193449335,1974,1200,1200,1200,1200,1154,997,7,1974,997,-977,-0.4949341438703141,997,1974,0.9799398194583752,
