slug,name,name_zh,source_groups,platform,signal,observed_days,start,end,change_pct,last_7d_change_pct,last_14d_change_pct,daily_volatility,max_drawdown,price_position,support_7d,resistance_7d,break_even_buy_price,tax_adjusted_return,opportunity_score,risk_score,trough_date,peak_date,source_url
erling-haaland,Erling Haaland,埃尔林·哈兰德,forward,cross,持续下行,30,795831,51276,-0.9355692351768152,-0.32978681689257194,-0.5616911425298754,0.173081479690958,0.9663412117321318,0,51276,76507,48712,-0.9387907734179745,25,91,2025-10-17,2025-09-22,https://www.futbin.com/26/player/67/erling-haaland/market
erling-haaland,Erling Haaland,埃尔林·哈兰德,forward,pc,数据不足,26,676909,44497,-0.9342644284534554,-0.3569611838492442,-0.599915482066913,0.15230925923785926,0.950503893214683,0,44497,69198,42272,-0.9375512070307825,,86,2025-10-17,2025-09-19,https://www.futbin.com/26/player/67/erling-haaland/market
alexia-putellas-segura,Alexia Putellas Segura,阿莱克西娅·普特利亚斯,forward|midfield,cross,持续下行,30,658472,321701,-0.5114431593142913,-0.16344823640770134,-0.2934074261177065,0.0512259494872491,0.5278948839130593,0.031164773708012565,310868,384556,305615,-0.5358710013485767,38,40,2025-10-14,2025-09-18,https://www.futbin.com/26/player/105/alexia-putellas-segura/market
alexia-putellas-segura,Alexia Putellas Segura,阿莱克西娅·普特利亚斯,forward|midfield,pc,持续下行,30,833803,353715,-0.5757810897778012,-0.1374256527559996,-0.26332856402021854,0.05724554852464804,0.5955111699046417,0.03313133510157309,337264,410069,336029,-0.5969920352889112,40,45,2025-10-14,2025-09-18,https://www.futbin.com/26/player/105/alexia-putellas-segura/market
kylian-mbappe,Kylian Mbappé,基利安·姆巴佩,forward,cross,持续下行,30,4437180,2142986,-0.5170387498366079,-0.17411363083678674,-0.25042218680874345,0.03124371954453338,0.5170387498366079,0,2142986,2594771,2035836,-0.5411868123447775,39,35,2025-10-17,2025-09-18,https://www.futbin.com/26/player/40/kylian-mbappe/market
kylian-mbappe,Kylian Mbappé,基利安·姆巴佩,forward,pc,持续下行,30,5203388,2299542,-0.5580683201022103,-0.13090924620840336,-0.24907470843600743,0.0439505331409656,0.5607361972622453,0.004757811557485825,2285660,2645917,2184564,-0.5801649040970999,42,41,2025-10-14,2025-09-18,https://www.futbin.com/26/player/40/kylian-mbappe/market
khadija-shaw,Khadija Shaw,卡蒂嘉·肖,forward,cross,区间震荡,30,11683,21536,0.8433621501326714,0.010320885719647213,0.12067440287245668,0.04957895882590238,0.12444634947849693,0.9746760312592739,20043,21792,20459,0.751194042626038,52,18,2025-09-18,2025-10-16,https://www.futbin.com/26/player/138/khadija-shaw/market
khadija-shaw,Khadija Shaw,卡蒂嘉·肖,forward,pc,区间震荡,30,13990,21038,0.5037884203002144,-0.014798164278355343,0.08516015886934544,0.051042806255076754,0.11124535731865574,0.8644646924829157,19861,21477,19986,0.4285989992852036,52,17,2025-09-20,2025-10-09,https://www.futbin.com/26/player/138/khadija-shaw/market
ousmane-dembele,Ousmane Dembélé,奥斯曼·登贝莱,forward|midfield,cross,持续下行,30,2219831,1216326,-0.45206369313700007,-0.1794133838506501,-0.27585289226971776,0.04280001747815586,0.5037265550153011,0.02675566641235791,1184167,1482264,1155509,-0.4794605084801501,38,37,2025-10-14,2025-09-19,https://www.futbin.com/26/player/51/ousmane-dembele/market
ousmane-dembele,Ousmane Dembélé,奥斯曼·登贝莱,forward|midfield,pc,持续下行,30,2990722,1244715,-0.5838078564306546,-0.13041033071535063,-0.25683731877157234,0.05332106236827471,0.5907784140418267,0.011798937546622415,1223868,1431382,1182479,-0.6046174636091218,41,44,2025-10-14,2025-09-18,https://www.futbin.com/26/player/51/ousmane-dembele/market
harry-kane,Harry Kane,哈里·凯恩,forward,cross,高波动,30,146104,21391,-0.8535905930022449,-0.00418974908058284,0.05796528018200702,0.18620874282823494,0.9103136770392009,0.01901763293385864,20332,21932,20321,-0.8609110633521327,44,91,2025-10-01,2025-09-19,https://www.futbin.com/26/player/69/harry-kane/market
harry-kane,Harry Kane,哈里·凯恩,forward,pc,高波动,30,160563,20745,-0.8707983782066853,-0.043480265584655106,0.014375825143024792,0.18851831550094003,0.9224316254206564,0.01509978866033604,20014,21688,19707,-0.8772584592963509,40,92,2025-09-27,2025-09-23,https://www.futbin.com/26/player/69/harry-kane/market
michael-olise,Michael Olise,米高·奥利斯,forward|midfield,cross,区间震荡,30,8316,6933,-0.16630591630591632,-0.04923203510696654,0.11768499113332259,0.08864055352096792,0.47352773013150373,0.5624245351364405,6933,7330,6586,-0.20799062049062056,39,46,2025-09-25,2025-09-19,https://www.futbin.com/26/player/242/michael-olise/market
michael-olise,Michael Olise,米高·奥利斯,forward|midfield,pc,区间震荡,30,11176,7029,-0.37106299212598426,-0.06117269934553225,0.11042654028436019,0.11035947447163244,0.5951145311381532,0.3764847391369719,7029,7584,6677,-0.4025098425196851,36,57,2025-09-25,2025-09-18,https://www.futbin.com/26/player/242/michael-olise/market
lamine-yamal-nasraoui-ebana,Lamine Yamal Nasraoui Ebana,拉明·亚马尔,forward|midfield,cross,持续下行,30,398573,199611,-0.49918584550383494,-0.17068560080434078,-0.2791849027169909,0.04950836464379717,0.5196588830653356,0.039397070325701763,191451,240694,189630,-0.5242265532286432,37,39,2025-10-14,2025-09-18,https://www.futbin.com/26/player/85/lamine-yamal-nasraoui-ebana/market
lamine-yamal-nasraoui-ebana,Lamine Yamal Nasraoui Ebana,拉明·亚马尔,forward|midfield,pc,持续下行,30,434180,200535,-0.5381293472753236,-0.17974549961346373,-0.27553954755315996,0.05482051263106988,0.553005665852872,0.02690084296804718,194076,244479,190508,-0.5612228799115574,36,42,2025-10-14,2025-09-18,https://www.futbin.com/26/player/85/lamine-yamal-nasraoui-ebana/market
caroline-graham-hansen,Caroline Graham Hansen,卡罗琳·格拉汉姆·汉森,forward|midfield,cross,持续下行,30,948404,404007,-0.5740138168965968,-0.18367581984603262,-0.37048105944332166,0.045755394574592045,0.5740138168965968,0,404007,494910,383806,-0.5953131260517671,37,42,2025-10-17,2025-09-18,https://www.futbin.com/26/player/117/caroline-graham-hansen/market
caroline-graham-hansen,Caroline Graham Hansen,卡罗琳·格拉汉姆·汉森,forward|midfield,pc,持续下行,30,1467758,428271,-0.708214160645011,-0.16553624210635018,-0.35715797452774256,0.0709366404608745,0.708214160645011,0,428271,513229,406857,-0.7228034526127605,36,55,2025-10-17,2025-09-18,https://www.futbin.com/26/player/117/caroline-graham-hansen/market
ewa-pajor,Ewa Pajor,艾娃·帕约尔,forward|midfield,cross,区间震荡,30,18452,13181,-0.285660091047041,-0.0354189535309184,0.06962590278341313,0.0769225973986823,0.3452742250162584,0.17265735363365248,13175,13665,12521,-0.321377086494689,49,36,2025-10-05,2025-09-18,https://www.futbin.com/26/player/99/ewa-pajor/market
ewa-pajor,Ewa Pajor,艾娃·帕约尔,forward|midfield,pc,区间震荡,30,31756,13425,-0.5772452449930722,-0.03639104220499569,0.011375621515745065,0.11030859187724397,0.5958244111349036,0.031182284234448496,13425,14092,12753,-0.5983829827434186,45,57,2025-10-05,2025-09-18,https://www.futbin.com/26/player/99/ewa-pajor/market
claudia-pina-medina,Claudia Pina Medina,克劳蒂亚·皮纳,forward|midfield,cross,持续下行,30,4881,36988,6.577955337021102,-0.31492285751328924,-0.3395825521809774,0.31635361125297495,0.5466823540946638,0.42394813647751634,36988,53991,35138,6.199057570170047,34,100,2025-09-20,2025-10-09,https://www.futbin.com/26/player/243/claudia-pina-medina/market
claudia-pina-medina,Claudia Pina Medina,克劳蒂亚·皮纳,forward|midfield,pc,持续下行,30,5182,53981,9.417020455422616,-0.22749649388935,-0.1987145232157701,0.4553754708723886,0.44983781879229406,0.5386969022947974,53089,69878,51281,8.896169432651485,32,100,2025-09-20,2025-10-09,https://www.futbin.com/26/player/243/claudia-pina-medina/market
temwa-chawinga,Temwa Chawinga,特姆瓦·查温佳,forward|midfield,cross,区间震荡,30,6849,6922,0.010658490290553366,-0.02808199943836001,0.11897833818299386,0.08670838243115679,0.3564023945101475,0.7608958837772397,6922,7279,6575,-0.03987443422397435,40,39,2025-09-25,2025-10-09,https://www.futbin.com/26/player/1150/temwa-chawinga/market
temwa-chawinga,Temwa Chawinga,特姆瓦·查温佳,forward|midfield,pc,区间震荡,30,6411,6970,0.08719388550928092,-0.048853711790393016,0.0938480853735091,0.08598084723582775,0.30354078926844485,0.7042451504076469,6970,7485,6621,0.032834191233816874,41,36,2025-09-21,2025-10-09,https://www.futbin.com/26/player/1150/temwa-chawinga/market
lionel-messi,Lionel Messi,利昂内尔·梅西,forward|midfield,cross,反弹观察,30,27303,10649,-0.6099696004102113,0.39604090194022024,0.1894337093711605,0.1285905877551978,0.7386865814805933,0.14010109910494828,7628,10649,10116,-0.6294711203897008,64,69,2025-10-11,2025-09-23,https://www.futbin.com/26/player/254/lionel-messi/market
lionel-messi,Lionel Messi,利昂内尔·梅西,forward|midfield,pc,反弹观察,30,33512,11159,-0.6670148006684172,0.45413083137868127,0.09081133919843597,0.14313369072021248,0.7902017606211383,0.12057154719070025,7674,11159,10601,-0.6836640606349964,63,75,2025-10-11,2025-09-23,https://www.futbin.com/26/player/254/lionel-messi/market
khvicha-kvaratskhelia,Khvicha Kvaratskhelia,科维查·克瓦拉茨赫利亚,forward|midfield,cross,持续下行,30,183742,69267,-0.6230203219732016,-0.21765795477648014,-0.3254812982637232,0.07737649178846752,0.640196579987156,0.026829662248896973,66111,88538,65803,-0.6418693058745415,32,52,2025-10-14,2025-09-18,https://www.futbin.com/26/player/215/khvicha-kvaratskhelia/market
khvicha-kvaratskhelia,Khvicha Kvaratskhelia,科维查·克瓦拉茨赫利亚,forward|midfield,pc,持续下行,30,335883,69736,-0.7923800847318858,-0.22269408683051886,-0.340339592300052,0.13566183170617513,0.8016720107894714,0.01159068288842343,66615,89715,66249,-0.8027610804952915,26,74,2025-10-14,2025-09-18,https://www.futbin.com/26/player/215/khvicha-kvaratskhelia/market
vinicius-jose-de-oliveira-junior,Vinícius José de Oliveira Júnior,维尼修斯·儒尼奥尔,forward|midfield,cross,持续下行,30,1423011,724979,-0.49053169652237405,-0.15896390632558668,-0.22657439343006588,0.032842028433711604,0.49053169652237405,0,724979,862007,688730,-0.5160051116962554,41,34,2025-10-17,2025-09-18,https://www.futbin.com/26/player/47/vinicius-jose-de-oliveira-junior/market
vinicius-jose-de-oliveira-junior,Vinícius José de Oliveira Júnior,维尼修斯·儒尼奥尔,forward|midfield,pc,持续下行,30,2006633,720632,-0.640875037936683,-0.12721970172247157,-0.23074492523420354,0.057902472086425495,0.6466234732509631,0.00888992675347736,709097,825674,684600,-0.6588312860398489,41,48,2025-10-15,2025-09-18,https://www.futbin.com/26/player/47/vinicius-jose-de-oliveira-junior/market
klara-buhl,Klara Bühl,克拉拉·比尔,forward|midfield,cross,区间震荡,30,3800,7024,0.848421052631579,-0.006646867486918399,0.14063007469957778,0.06082233274133946,0.15092515879591273,0.8307137335738212,7024,7281,6672,0.7559999999999998,52,22,2025-09-18,2025-10-09,https://www.futbin.com/26/player/248/klara-buhl/market
klara-buhl,Klara Bühl,克拉拉·比尔,forward|midfield,pc,区间震荡,30,4782,7115,0.4878711836051861,-0.026009582477754964,0.13224061107574794,0.07284818877411146,0.1963166645351068,0.7879634332148299,7115,7488,6759,0.4134776244249268,50,27,2025-09-19,2025-10-09,https://www.futbin.com/26/player/248/klara-buhl/market
alessia-russo,Alessia Russo,阿莱西娅·鲁索,forward|midfield,cross,区间震荡,30,13285,21344,0.6066240120436582,-0.011165160991429232,0.05511888872410895,0.058520836092148094,0.11241111829347124,0.8863836339639243,20306,22016,20276,0.5262928114414753,51,19,2025-09-18,2025-10-10,https://www.futbin.com/26/player/122/alessia-russo/market
alessia-russo,Alessia Russo,阿莱西娅·鲁索,forward|midfield,pc,区间震荡,30,16886,20845,0.23445457775672154,-0.057427085688446754,-0.00846691718593921,0.05605783685533989,0.19021674760156343,0.792550839964633,20063,22115,19802,0.17273184886888546,44,23,2025-09-20,2025-10-09,https://www.futbin.com/26/player/122/alessia-russo/market
sophia-wilson,Sophia Wilson,索菲亚·史密斯,forward|midfield,cross,持续下行,30,427449,196361,-0.5406212203093235,-0.2825894749148728,-0.39826737679498414,0.058057178859783364,0.5688978365965145,0,196361,273708,186542,-0.5635901592938574,34,44,2025-10-17,2025-09-23,https://www.futbin.com/26/player/74/sophia-wilson/market
sophia-wilson,Sophia Wilson,索菲亚·史密斯,forward|midfield,pc,持续下行,30,500328,227896,-0.5445068035368799,-0.2717046373319443,-0.3695945030110067,0.05634930307489984,0.5445068035368799,0,227896,312917,216501,-0.5672814633600359,34,42,2025-10-17,2025-09-18,https://www.futbin.com/26/player/74/sophia-wilson/market
melchie-dumornay,Melchie Dumornay,,forward|midfield,cross,持续下行,30,39346,19898,-0.49428150256696995,-0.4861053719008264,-0.5200675349734684,0.16465648341315917,0.7455563796322344,0,19898,38720,18903,-0.5195674274386215,25,77,2025-10-17,2025-09-23,https://www.futbin.com/26/player/257/melchie-dumornay/market
melchie-dumornay,Melchie Dumornay,,forward|midfield,pc,持续下行,30,42818,23427,-0.45287028819655284,-0.5373541086557261,-0.5373723809711882,0.15107854964291617,0.7183543923346036,0,23427,50637,22255,-0.48022677378672524,26,73,2025-10-17,2025-09-23,https://www.futbin.com/26/player/257/melchie-dumornay/market
barbra-banda,Barbra Banda,芭芭拉·班达,forward|midfield,cross,区间震荡,30,3826,3889,0.016466283324621016,-0.03522699082113619,0.037066666666666664,0.07370834317231878,0.3316779926816519,0.8117001828153565,3867,4031,3694,-0.034357030841610105,39,34,2025-09-25,2025-10-09,https://www.futbin.com/26/player/1138/barbra-banda/market
barbra-banda,Barbra Banda,芭芭拉·班达,forward|midfield,pc,高波动,30,16400,3889,-0.7628658536585365,-0.06108160309029454,0.025580168776371308,0.1639495133214343,0.8400609756097561,0.09189228424185236,3889,4142,3694,-0.7747225609756098,37,82,2025-09-25,2025-09-18,https://www.futbin.com/26/player/1138/barbra-banda/market
luis-diaz,Luis Díaz,路易斯·迪亚斯,forward|midfield,cross,持续下行,30,52065,6141,-0.882051282051282,-0.6551356208232717,-0.7029027576197387,0.1460822194286026,0.882051282051282,0,6141,17807,5833,-0.887948717948718,25,81,2025-10-17,2025-09-18,https://www.futbin.com/26/player/991/luis-diaz/market
luis-diaz,Luis Díaz,路易斯·迪亚斯,forward|midfield,pc,持续下行,30,62849,4422,-0.9296408852965043,-0.7157001414427157,-0.7616943306747144,0.1694025603636679,0.9296408852965043,0,4422,15554,4200,-0.9331588410316791,25,88,2025-10-17,2025-09-18,https://www.futbin.com/26/player/991/luis-diaz/market
raphael-dias-belloli,Raphael Dias Belloli,拉菲尼亚,forward|midfield,cross,持续下行,30,572225,270583,-0.5271388002970859,-0.15757143657727105,-0.27714612396680965,0.047424415042758114,0.5477198654375465,0.03757589680268267,258806,321194,257053,-0.5507818602822316,39,41,2025-10-14,2025-09-18,https://www.futbin.com/26/player/83/raphael-dias-belloli/market
raphael-dias-belloli,Raphael Dias Belloli,拉菲尼亚,forward|midfield,pc,持续下行,30,677886,269438,-0.6025319891545186,-0.1507076438140268,-0.26546223825218845,0.057831862117772546,0.610605618053773,0.013222329864877598,263965,317250,255966,-0.6224053896967927,39,46,2025-10-14,2025-09-18,https://www.futbin.com/26/player/83/raphael-dias-belloli/market
debora-c-de-oliveira,Débora C. de Oliveira,德比妮亚,forward|midfield,cross,高波动,30,22378,13530,-0.395388327821968,-0.0391989774179804,-0.27766803694410336,0.1458375966575583,0.7070195276823381,0.0017531448958877987,13473,14082,12853,-0.4256189114308696,44,71,2025-10-14,2025-09-30,https://www.futbin.com/26/player/116/debora-c-de-oliveira/market
debora-c-de-oliveira,Débora C. de Oliveira,德比妮亚,forward|midfield,pc,高波动,30,38055,13899,-0.6347654710287741,-0.08311893924401345,-0.4777364445947469,0.15223112574503586,0.8005910962539993,0,13899,15159,13204,-0.6530271974773355,37,78,2025-10-17,2025-09-29,https://www.futbin.com/26/player/116/debora-c-de-oliveira/market
kadidiatou-diani,Kadidiatou Diani,卡迪迪娅图·迪亚尼,forward|midfield,cross,持续下行,30,154888,70476,-0.5449873456949538,-0.3358526127314706,-0.43983531113636903,0.08885836198418352,0.6035105485232067,0,70476,106115,66952,-0.5677379784102061,31,53,2025-10-17,2025-09-23,https://www.futbin.com/26/player/132/kadidiatou-diani/market
kadidiatou-diani,Kadidiatou Diani,卡迪迪娅图·迪亚尼,forward|midfield,pc,持续下行,30,174452,76611,-0.5608476830302891,-0.36699771953597515,-0.4696402240206021,0.08952198060018567,0.5934850205350795,0,76611,121028,72780,-0.5828052988787747,31,52,2025-10-17,2025-09-23,https://www.futbin.com/26/player/132/kadidiatou-diani/market
vivianne-miedema,Vivianne Miedema,薇薇安·米德马,forward|midfield,cross,区间震荡,30,2397,3918,0.6345431789737171,-0.03259259259259259,0.03513870541611625,0.05436736557834771,0.10800970873786407,0.845,3888,4050,3722,0.5528160200250313,50,18,2025-09-18,2025-10-09,https://www.futbin.com/26/player/562/vivianne-miedema/market
vivianne-miedema,Vivianne Miedema,薇薇安·米德马,forward|midfield,pc,区间震荡,30,3815,3918,0.026998689384010486,-0.051331719128329296,0.03295544423938835,0.08734041592330087,0.34338138925294887,0.769188894937398,3918,4130,3722,-0.024351245085190064,37,38,2025-09-21,2025-10-09,https://www.futbin.com/26/player/562/vivianne-miedema/market
lauren-hemp,Lauren Hemp,劳伦·亨普,forward|midfield,cross,区间震荡,30,12190,10253,-0.15890073831009024,-0.030907372400756142,0.11579061921863097,0.10315986896495985,0.40877154056652615,0.4087208250407092,10253,10866,9740,-0.20095570139458568,43,45,2025-09-28,2025-09-19,https://www.futbin.com/26/player/78/lauren-hemp/market
lauren-hemp,Lauren Hemp,劳伦·亨普,forward|midfield,pc,区间震荡,30,19640,10557,-0.46247454175152747,-0.03948685287962879,0.11951219512195121,0.10849637141520825,0.519857433808554,0.11038197845249755,10557,11297,10029,-0.48935081466395114,43,52,2025-10-04,2025-09-18,https://www.futbin.com/26/player/78/lauren-hemp/market
pernille-harder,Pernille Harder,佩妮莱·哈德,forward|midfield,cross,区间震荡,30,3905,6904,0.7679897567221511,-0.026371456776195176,0.11841892110805119,0.061991753820568866,0.15016547159404303,0.7958005249343832,6904,7250,6558,0.6795902688860433,51,22,2025-09-19,2025-10-09,https://www.futbin.com/26/player/258/pernille-harder/market
pernille-harder,Pernille Harder,佩妮莱·哈德,forward|midfield,pc,高波动,30,12991,6937,-0.4660149334154415,-0.054647042790951214,0.10426615727475326,0.14699868693776946,0.6866292048341159,0.32130044843049327,6937,7470,6590,-0.49271418674466944,32,70,2025-09-19,2025-09-18,https://www.futbin.com/26/player/258/pernille-harder/market
bukayo-saka,Bukayo Saka,布卡约·萨卡,forward|midfield,cross,区间震荡,30,26924,13236,-0.5083939979200713,-0.03288031565103025,0.06210881078478575,0.07004386895187127,0.5598735723008404,0.06299717731588401,13185,13686,12574,-0.5329742980240678,48,46,2025-10-05,2025-09-19,https://www.futbin.com/26/player/32/bukayo-saka/market
bukayo-saka,Bukayo Saka,布卡约·萨卡,forward|midfield,pc,区间震荡,30,48556,13398,-0.7240711755498805,-0.03312405282528686,0.06030389363722697,0.11241688429745851,0.739764395749238,0.02121380846325167,13398,14052,12728,-0.7378676167723865,45,65,2025-10-04,2025-09-18,https://www.futbin.com/26/player/32/bukayo-saka/market
jamal-musiala,Jamal Musiala,贾迈勒·穆西亚拉,forward|midfield,cross,持续下行,30,135343,38722,-0.7138972831989834,-0.40430441671922834,-0.6259358366258683,0.09725490130970323,0.7497317769935756,0,38722,65003,36785,-0.7282024190390342,30,63,2025-10-17,2025-09-19,https://www.futbin.com/26/player/46/jamal-musiala/market
jamal-musiala,Jamal Musiala,贾迈勒·穆西亚拉,forward|midfield,pc,持续下行,30,191313,36038,-0.8116280650034237,-0.44592724700962455,-0.6360422957673935,0.10454345533814845,0.8116280650034237,0,36038,65042,34236,-0.8210466617532525,30,68,2025-10-17,2025-09-18,https://www.futbin.com/26/player/46/jamal-musiala/market
lautaro-martinez,Lautaro Martínez,劳塔罗·马丁内斯,forward,cross,区间震荡,30,33022,13469,-0.5921204045787657,-0.04094275135289092,-0.005170248910554694,0.07697176503229847,0.6125916055962691,0.03341737110089475,13450,14044,12795,-0.6125143843498274,47,51,2025-10-05,2025-09-18,https://www.futbin.com/26/player/60/lautaro-martinez/market
lautaro-martinez,Lautaro Martínez,劳塔罗·马丁内斯,forward,pc,高波动,30,68492,13557,-0.8020644746831747,-0.04803033494838846,0.02487148472936196,0.13241708299574867,0.8101676108158617,0.010001802126509281,13557,14288,12879,-0.811961250949016,42,74,2025-10-05,2025-09-18,https://www.futbin.com/26/player/60/lautaro-martinez/market
salma-celeste-paralluelo-ayingono,Salma Celeste Paralluelo Ayingono,萨尔马·帕拉尔卢埃洛,forward|midfield,cross,区间震荡,30,54430,89632,0.6467389307367261,-0.14376056782033034,0.058516480272092775,0.07924736294902106,0.20515409898537607,0.725328269709618,83431,104681,85150,0.5644019841998896,40,29,2025-09-20,2025-10-09,https://www.futbin.com/26/player/874/salma-celeste-paralluelo-ayingono/market
salma-celeste-paralluelo-ayingono,Salma Celeste Paralluelo Ayingono,萨尔马·帕拉尔卢埃洛,forward|midfield,pc,区间震荡,30,50274,100868,1.006365119147074,-0.1371650000427705,0.09556962712748047,0.07638767556997474,0.17818079835467887,0.7507307880640423,96701,117667,95824,0.9060468631897202,40,27,2025-09-18,2025-10-12,https://www.futbin.com/26/player/874/salma-celeste-paralluelo-ayingono/market
tabitha-chawinga,Tabitha Chawinga,塔比莎·查温佳,forward|midfield,cross,高波动,30,8984,4094,-0.5443009795191451,-0.05581180811808118,-0.18103620724144828,0.19028729003836295,0.7707670554966419,0.015516318887105404,4015,4367,3889,-0.567085930543188,39,84,2025-10-05,2025-09-22,https://www.futbin.com/26/player/17311/tabitha-chawinga/market
tabitha-chawinga,Tabitha Chawinga,塔比莎·查温佳,forward|midfield,pc,高波动,30,12722,4073,-0.6798459361735576,-0.1036531690140845,-0.22976550680786686,0.17316567673326116,0.7737637125954856,0.009946555819477435,4073,4544,3869,-0.6958536393648798,34,81,2025-10-05,2025-09-22,https://www.futbin.com/26/player/17311/tabitha-chawinga/market
trinity-rodman,Trinity Rodman,崔妮蒂·罗德曼,forward|midfield,cross,持续下行,30,45247,15007,-0.6683316020951665,-0.4742686985461552,-0.3232468996617813,0.14110194152772088,0.6683316020951665,0,15007,28545,14256,-0.6849150219904082,26,68,2025-10-17,2025-09-18,https://www.futbin.com/26/player/1134/trinity-rodman/market
trinity-rodman,Trinity Rodman,崔妮蒂·罗德曼,forward|midfield,pc,持续下行,30,52458,22061,-0.5794540394220138,-0.40665931524165566,-0.33314188984946497,0.12101393981626772,0.5993716630951949,0,22061,37181,20957,-0.6004813374509131,28,60,2025-10-17,2025-09-23,https://www.futbin.com/26/player/1134/trinity-rodman/market
chloe-kelly,Chloe Kelly,克洛伊·凯利,forward|midfield,cross,区间震荡,30,10752,10156,-0.055431547619047616,-0.03998487569713584,0.10643860987035625,0.10046288928568396,0.41917618553132574,0.7109826589595376,10156,10794,9648,-0.10265997023809534,37,45,2025-09-26,2025-09-19,https://www.futbin.com/26/player/115/chloe-kelly/market
chloe-kelly,Chloe Kelly,克洛伊·凯利,forward|midfield,pc,高波动,30,24658,10455,-0.5759996755616839,-0.04616367119788341,0.11543796009815427,0.1326701341541291,0.6998945575472463,0.17701935334337698,10455,11140,9932,-0.5971996917835997,38,68,2025-09-28,2025-09-18,https://www.futbin.com/26/player/115/chloe-kelly/market
alexander-isak,Alexander Isak,亚历山大·伊萨克,forward,cross,低位企稳,30,468301,483679,0.03283785428602544,0.02778344425461747,-0.006266320683583678,0.04291374234225759,0.09606322750307512,0.8177466451787908,453431,486708,459495,-0.018804038428275854,49,15,2025-09-20,2025-09-27,https://www.futbin.com/26/player/52/alexander-isak/market
alexander-isak,Alexander Isak,亚历山大·伊萨克,forward,pc,数据不足,0,,,,,,,,,,,,,,,,,https://www.futbin.com/26/player/52/alexander-isak/market
viktor-gyokeres,Viktor Gyökeres,维克托·哲凯赖什,forward,cross,持续下行,30,279202,69427,-0.7513377411336595,-0.3651169595991002,-0.49356627033335765,0.07397505341892541,0.7802219717881834,0,69427,109354,65955,-0.7637708540769765,33,59,2025-10-17,2025-09-19,https://www.futbin.com/26/player/234/viktor-gyokeres/market
viktor-gyokeres,Viktor Gyökeres,维克托·哲凯赖什,forward,pc,持续下行,30,323955,63677,-0.803438749208995,-0.3845789560158115,-0.5116644682352219,0.08054955121181992,0.8222072689604722,0,63677,103469,60493,-0.8132668117485452,32,63,2025-10-17,2025-09-19,https://www.futbin.com/26/player/234/viktor-gyokeres/market
florian-wirtz,Florian Wirtz,弗洛里安·维尔茨,forward|midfield,cross,持续下行,30,259972,139639,-0.46286907820842244,-0.29738909043337375,-0.5219430531638463,0.08251123676938557,0.582318085421409,0,139639,198743,132657,-0.48972562429800137,32,50,2025-10-17,2025-09-23,https://www.futbin.com/26/player/41/florian-wirtz/market
florian-wirtz,Florian Wirtz,弗洛里安·维尔茨,forward|midfield,pc,持续下行,30,267154,140222,-0.4751267059448857,-0.29071190830273047,-0.5199816512505221,0.08153595105083933,0.5726020549677978,0,140222,197694,133210,-0.5013703706476415,32,49,2025-10-17,2025-09-19,https://www.futbin.com/26/player/41/florian-wirtz/market
julian-alvarez,Julián Alvarez,胡利安·阿瓦雷斯,forward|midfield,cross,持续下行,30,115309,57153,-0.5043491834982525,-0.2637579223991343,-0.205325361512792,0.07721973147865313,0.5043491834982525,0,57153,77628,54295,-0.5291317243233399,32,45,2025-10-17,2025-09-18,https://www.futbin.com/26/player/226/julian-alvarez/market
julian-alvarez,Julián Alvarez,胡利安·阿瓦雷斯,forward|midfield,pc,持续下行,30,133123,48056,-0.6390105391254705,-0.3663251447182774,-0.2713046642809486,0.10660665649619541,0.6390105391254705,0,48056,75837,45653,-0.657060012169197,29,59,2025-10-17,2025-09-18,https://www.futbin.com/26/player/226/julian-alvarez/market
selma-bacha,Selma Bacha,塞尔玛·巴查,forward|midfield|defender,cross,持续下行,30,16010,7917,-0.5054965646470956,-0.281644133926141,-0.5460696061005677,0.14095641340003026,0.74100439568989,0.0660927082786498,6658,11021,7521,-0.5302217364147408,24,72,2025-10-14,2025-09-27,https://www.futbin.com/26/player/17305/selma-bacha/market
selma-bacha,Selma Bacha,塞尔玛·巴查,forward|midfield|defender,pc,持续下行,30,22980,8972,-0.6095735422106179,-0.4266359918200409,-0.576991984912777,0.14700077555876503,0.7575882111195914,0.027665840049597025,8258,15648,8523,-0.629094865100087,25,74,2025-10-14,2025-09-30,https://www.futbin.com/26/player/17305/selma-bacha/market
marie-katoto,Marie Katoto,玛丽-安托瓦内特·卡托托,forward|midfield,cross,区间震荡,30,7437,13106,0.7622697324189861,-0.03667769202499081,0.09931219594027847,0.06971884654517085,0.1395856052344602,0.7994641094344944,13106,13605,12450,0.6741562457980367,49,23,2025-09-18,2025-10-10,https://www.futbin.com/26/player/137/marie-katoto/market
marie-katoto,Marie Katoto,玛丽-安托瓦内特·卡托托,forward|midfield,pc,区间震荡,30,13934,13300,-0.04550021530070331,-0.038461538461538464,0.07570365577483015,0.09786966971634464,0.4366298263240993,0.7554754643748267,13300,14005,12635,-0.09322520453566815,37,46,2025-09-20,2025-10-09,https://www.futbin.com/26/player/137/marie-katoto/market
desire-doue,Désiré Doué,德西雷·杜埃,forward|midfield,cross,持续下行,30,71522,16491,-0.7694275887139621,-0.1314126198251343,-0.48654959835606204,0.10265004087200769,0.8103641494403413,0.040754440334566294,14045,18986,15666,-0.780956209278264,36,67,2025-10-14,2025-09-19,https://www.futbin.com/26/player/1063/desire-doue/market
desire-doue,Désiré Doué,德西雷·杜埃,forward|midfield,pc,持续下行,30,60337,15745,-0.7390490080713327,-0.17742019748184526,-0.518133129303749,0.11410920311130021,0.7672946717692081,0.032312381439563484,14229,19141,14957,-0.7520965576677661,30,67,2025-10-14,2025-09-19,https://www.futbin.com/26/player/1063/desire-doue/market
guro-reiten,Guro Reiten,顾洛·蕾滕,forward|midfield|defender,cross,区间震荡,30,20205,13215,-0.3459539717891611,-0.03384997806696886,0.08133540626789952,0.0909740175158571,0.4874041078940856,0.29021121039805037,13172,13715,12554,-0.378656273199703,43,47,2025-09-28,2025-09-18,https://www.futbin.com/26/player/90/guro-reiten/market
guro-reiten,Guro Reiten,顾洛·蕾滕,forward|midfield|defender,pc,区间震荡,30,23557,13426,-0.430063250838392,-0.03838991548488755,0.035717040808454836,0.08011447647311867,0.45511570738323304,0.053082510709629355,13426,14115,12754,-0.45856008829647243,48,43,2025-10-05,2025-09-23,https://www.futbin.com/26/player/90/guro-reiten/market
cole-palmer,Cole Palmer,科尔·帕尔默,forward|midfield,cross,持续下行,30,56346,11569,-0.7946793028786426,-0.18141937309842213,-0.6623077147610846,0.1288865107135958,0.8171053054404062,0.003657457477140891,11383,14133,10990,-0.8049453377347104,29,73,2025-10-14,2025-09-19,https://www.futbin.com/26/player/214/cole-palmer/market
cole-palmer,Cole Palmer,科尔·帕尔默,forward|midfield,pc,持续下行,30,53460,10811,-0.7977740366629256,-0.1325523549707133,-0.6848288729520144,0.1471878513917605,0.8202689897092318,0,10811,12463,10270,-0.8078853348297793,32,77,2025-10-17,2025-10-03,https://www.futbin.com/26/player/214/cole-palmer/market
caitlin-foord,Caitlin Foord,凯特琳·富德,forward|midfield,cross,区间震荡,30,2288,3918,0.7124125874125874,-0.03734643734643735,0.0321390937829294,0.05482473257078116,0.10836961780358007,0.8494007295466389,3891,4070,3722,0.626791958041958,50,18,2025-09-18,2025-10-09,https://www.futbin.com/26/player/536/caitlin-foord/market
caitlin-foord,Caitlin Foord,凯特琳·富德,forward|midfield,pc,区间震荡,30,3195,3925,0.22848200312989045,-0.058075353971682266,0.03235139400315623,0.07888265705388607,0.26134585289514867,0.7778330019880716,3925,4167,3728,0.16705790297339593,41,32,2025-09-19,2025-10-09,https://www.futbin.com/26/player/536/caitlin-foord/market
lea-schuller,Lea Schüller,莱娅·许勒尔,forward|midfield,cross,区间震荡,30,3814,6891,0.8067645516518092,-0.02158171233849212,0.12139951179820993,0.06128959966665902,0.14806599195896297,0.7988058151609554,6891,7233,6546,0.7164263240692186,52,22,2025-09-18,2025-10-09,https://www.futbin.com/26/player/253/lea-schuller/market
lea-schuller,Lea Schüller,莱娅·许勒尔,forward|midfield,pc,高波动,30,9911,6933,-0.3004742205630108,-0.04674824694073972,0.10644749441429939,0.13187991713236935,0.5951972555746141,0.4951686726563824,6933,7451,6586,-0.33545050953486033,34,62,2025-09-19,2025-09-18,https://www.futbin.com/26/player/253/lea-schuller/market
lauren-james,Lauren James,劳伦·詹姆斯,forward|midfield,cross,持续下行,30,33390,4884,-0.8537286612758311,-0.15208333333333332,-0.6319240334614515,0.15837661454435023,0.8923247251474034,0.020255648209596907,4182,5760,4639,-0.8610422282120396,29,84,2025-10-14,2025-09-23,https://www.futbin.com/26/player/559/lauren-james/market
lauren-james,Lauren James,劳伦·詹姆斯,forward|midfield,pc,持续下行,30,34624,6444,-0.8138863216266173,-0.4157751586582049,-0.716921454928835,0.16348467663276053,0.8890828438822032,0.024091654539994917,5401,11030,6121,-0.8231920055452865,24,85,2025-10-14,2025-09-23,https://www.futbin.com/26/player/559/lauren-james/market
sandy-baltimore,Sandy Baltimore,桑迪·巴尔的摩,forward|midfield|defender,cross,区间震荡,30,2628,3891,0.4805936073059361,-0.03305168986083499,0.031821797931583136,0.05473781043923961,0.1097944377267231,0.8108954289292424,3874,4024,3696,0.4065639269406392,51,18,2025-09-25,2025-10-09,https://www.futbin.com/26/player/531/sandy-baltimore/market
sandy-baltimore,Sandy Baltimore,桑迪·巴尔的摩,forward|midfield|defender,pc,区间震荡,30,4628,3908,-0.15557476231633535,-0.04961089494163424,0.02089864158829676,0.08741880751952397,0.4228608470181504,0.6320899335717935,3908,4123,3712,-0.1977960242005186,37,42,2025-09-21,2025-09-18,https://www.futbin.com/26/player/531/sandy-baltimore/market
serhou-guirassy,Serhou Guirassy,塞鲁·吉拉西,forward,cross,区间震荡,30,8287,10300,0.2429105828405937,-0.030223142830241974,0.11786411981766877,0.10469606847055263,0.3369656328583403,0.7515610217596973,10300,10900,9785,0.18076505369856402,43,42,2025-09-24,2025-10-09,https://www.futbin.com/26/player/217/serhou-guirassy/market
serhou-guirassy,Serhou Guirassy,塞鲁·吉拉西,forward,pc,高波动,30,13465,10521,-0.21864092090605272,-0.03777208706786172,0.11842245136600404,0.12062514745173572,0.5416264389157074,0.5963252433840669,10521,11291,9994,-0.25770887486075017,35,56,2025-09-20,2025-09-18,https://www.futbin.com/26/player/217/serhou-guirassy/market
paulo-dybala,Paulo Dybala,保罗·迪巴拉,forward|midfield,cross,低位企稳,30,36520,7239,-0.8017798466593647,-0.0035788024776324846,-0.14835294117647058,0.112559388931763,0.8141616424530557,0.007894565146473543,7239,7991,6877,-0.8116908543263965,48,70,2025-10-05,2025-09-19,https://www.futbin.com/26/player/246/paulo-dybala/market
paulo-dybala,Paulo Dybala,保罗·迪巴拉,forward|midfield,pc,高波动,30,42520,7178,-0.8311853245531514,-0.035344711732294046,-0.0625571372600235,0.12027605435416712,0.8408748824082785,0.011523186216926778,7178,8097,6819,-0.839626058325494,44,73,2025-10-05,2025-09-18,https://www.futbin.com/26/player/246/paulo-dybala/market
marcus-thuram,Marcus Thuram,马库斯·图拉姆,forward,cross,区间震荡,30,33062,3890,-0.8823422660456113,-0.03426017874875869,-0.026526526526526525,0.11133263473394307,0.8932727067329417,0.003509437541496728,3890,4028,3695,-0.8882251527433307,45,74,2025-10-05,2025-09-19,https://www.futbin.com/26/player/17309/marcus-thuram/market
marcus-thuram,Marcus Thuram,马库斯·图拉姆,forward,pc,高波动,30,27119,3885,-0.8567425052546185,-0.05566358774914924,0.022906793048973143,0.12125366296276091,0.8724176156404313,0.0033498902622155482,3885,4115,3690,-0.8639053799918877,42,75,2025-10-04,2025-09-19,https://www.futbin.com/26/player/17309/marcus-thuram/market
linda-caicedo,Linda Caicedo,琳达·凯塞多,forward|midfield,cross,区间震荡,30,6111,3989,-0.34724267713958434,-0.0010017530678687703,0.06231691078561918,0.0876408985505495,0.5449189985272459,0.36276276276276276,3870,4003,3789,-0.3798805432826052,45,49,2025-09-26,2025-09-18,https://www.futbin.com/26/player/864/linda-caicedo/market
linda-caicedo,Linda Caicedo,琳达·凯塞多,forward|midfield,pc,高波动,30,28747,4153,-0.8555327512436081,0.006787878787878788,0.09664642196989702,0.17855160912836274,0.8991546944028942,0.04851439182915506,3989,4153,3945,-0.8627561136814277,44,89,2025-09-25,2025-09-18,https://www.futbin.com/26/player/864/linda-caicedo/market
ada-hegerberg,Ada Hegerberg,阿达·海格贝尔格,forward,cross,区间震荡,30,5405,10300,0.9056429232192414,-0.02784332232184993,0.12175996514920497,0.0800991042423432,0.1806572602250402,0.7898983379054381,10300,10876,9785,0.8103607770582794,49,28,2025-09-18,2025-10-09,https://www.futbin.com/26/player/84/ada-hegerberg/market
ada-hegerberg,Ada Hegerberg,阿达·海格贝尔格,forward,pc,高波动,30,14888,10563,-0.29050241805480925,-0.043726235741444866,0.1213375796178344,0.13962871347294356,0.6069989253089737,0.5214119729998894,10563,11238,10034,-0.32597729715206875,33,64,2025-09-20,2025-09-18,https://www.futbin.com/26/player/84/ada-hegerberg/market
clara-mateo,Clara Mateo,,forward,cross,区间震荡,30,5592,3912,-0.30042918454935624,-0.038348082595870206,0.02812089356110381,0.08862985240775131,0.48623032904148783,0.3821257815373299,3898,4068,3716,-0.33540772532188845,42,46,2025-09-25,2025-09-18,https://www.futbin.com/26/player/17308/clara-mateo/market
clara-mateo,Clara Mateo,,forward,pc,区间震荡,30,6600,3897,-0.40954545454545455,-0.06119007468079981,0.014315460697553357,0.10444443175476989,0.5859090909090909,0.30100853374709075,3897,4151,3702,-0.43906818181818186,38,55,2025-09-25,2025-09-18,https://www.futbin.com/26/player/17308/clara-mateo/market
sam-kerr,Sam Kerr,山姆·科尔,forward,cross,区间震荡,30,7084,10309,0.45525127046866176,-0.028644115707151606,0.12225125190507294,0.08513244936226072,0.1815022721197541,0.7712756467439786,10309,10837,9793,0.3824887069452286,48,29,2025-09-20,2025-10-09,https://www.futbin.com/26/player/235/sam-kerr/market
sam-kerr,Sam Kerr,山姆·科尔,forward,pc,高波动,30,29115,10513,-0.6389146488064571,-0.047476669384796596,0.12306377523768829,0.16715964833416158,0.7930963420917053,0.19440474643800615,10513,11274,9987,-0.6569689163661343,35,80,2025-09-20,2025-09-18,https://www.futbin.com/26/player/235/sam-kerr/market
mallory-swanson,Mallory Swanson,马洛丽·斯旺森,forward,cross,区间震荡,30,14009,10214,-0.27089728031979443,-0.03349735049205148,0.08682698446477974,0.1151625077152488,0.41273467056892,0.3436527153234175,10214,10848,9703,-0.3073524163038048,41,48,2025-09-26,2025-09-18,https://www.futbin.com/26/player/92/mallory-swanson/market
mallory-swanson,Mallory Swanson,马洛丽·斯旺森,forward,pc,区间震荡,30,16831,10445,-0.3794189293565445,-0.05569116716390923,0.05398587285570131,0.11749777474808078,0.4644984968570648,0.07625323605554248,10445,11193,9922,-0.41044798288871726,43,51,2025-10-05,2025-09-23,https://www.futbin.com/26/player/92/mallory-swanson/market
delphine-cascarino,Delphine Cascarino,黛勒芬·卡斯卡里诺,forward,cross,区间震荡,30,7561,3908,-0.4831371511704801,-0.04332925336597307,0.03031900870023728,0.10448724448555641,0.6406559978838778,0.2458711808422791,3898,4085,3712,-0.5089802936119561,39,58,2025-09-25,2025-09-18,https://www.futbin.com/26/player/1142/delphine-cascarino/market
delphine-cascarino,Delphine Cascarino,黛勒芬·卡斯卡里诺,forward,pc,高波动,30,11761,3897,-0.6686506249468582,-0.05664488017429194,0.02633658151171978,0.16668626451760205,0.7646458634469858,0.12554208829089292,3897,4131,3702,-0.6852180936995154,36,79,2025-09-25,2025-09-18,https://www.futbin.com/26/player/1142/delphine-cascarino/market
bradley-barcola,Bradley Barcola,布拉德利·巴尔科拉,forward,cross,低位企稳,30,29503,1653,-0.9439717994780192,-0.011363636363636364,-0.28994845360824745,0.12774910870994752,0.9478697081652713,0.004112283211156803,1538,1683,1570,-0.9467732095041183,46,80,2025-10-14,2025-09-18,https://www.futbin.com/26/player/1154/bradley-barcola/market
bradley-barcola,Bradley Barcola,布拉德利·巴尔科拉,forward,pc,高波动,30,29200,1444,-0.9505479452054795,-0.07966857871255577,-0.21649484536082475,0.15022860234567803,0.9508219178082192,0.00028814291888776836,1436,1569,1371,-0.9530205479452055,37,85,2025-10-12,2025-09-18,https://www.futbin.com/26/player/1154/bradley-barcola/market
victor-osimhen,Victor Osimhen,维克多·奥斯梅恩,forward,cross,高波动,30,19827,10242,-0.4834316840671811,-0.031122883360136223,0.11398738307591907,0.14099016976657053,0.7310375211102137,0.14644435516271595,10242,10817,9729,-0.509260099863822,39,71,2025-09-28,2025-09-19,https://www.futbin.com/26/player/237/victor-osimhen/market
victor-osimhen,Victor Osimhen,维克多·奥斯梅恩,forward,pc,高波动,30,28727,10502,-0.6344205799422147,-0.040475102786660576,0.12380952380952381,0.12250365431181537,0.7466494935078497,0.15031003776399832,10502,11225,9976,-0.6526995509451039,40,68,2025-09-28,2025-09-18,https://www.futbin.com/26/player/237/victor-osimhen/market
beth-mead,Beth Mead,贝丝·米德,forward,cross,区间震荡,30,7983,10239,0.28260052611800074,-0.029754572159575478,0.11694120213810406,0.09526170349762667,0.28197419516472505,0.7784110535405873,10239,10845,9727,0.21847049981210062,44,36,2025-09-19,2025-10-09,https://www.futbin.com/26/player/93/beth-mead/market
beth-mead,Beth Mead,贝丝·米德,forward,pc,区间震荡,30,7503,10457,0.3937091829934693,-0.04345042078302232,0.11696218756675925,0.08369698239703208,0.21709315939120255,0.7309551591931989,10457,11244,9934,0.32402372384379574,47,30,2025-09-20,2025-10-09,https://www.futbin.com/26/player/93/beth-mead/market
laura-freigang,Laura Freigang,劳拉·弗赖冈,forward,cross,区间震荡,30,2594,3934,0.5165767154973014,-0.022365805168986085,0.04739084132055378,0.06200637183970057,0.1395528141865844,0.8795865633074935,3854,4030,3737,0.4407478797224363,50,21,2025-09-19,2025-10-09,https://www.futbin.com/26/player/1045/laura-freigang/market
laura-freigang,Laura Freigang,劳拉·弗赖冈,forward,pc,区间震荡,30,2479,3923,0.582492940701896,-0.05538165181796292,0.04529709565680789,0.06178113006533656,0.12517482517482517,0.7908113391984359,3923,4153,3726,0.5033682936668011,49,20,2025-09-19,2025-10-09,https://www.futbin.com/26/player/1045/laura-freigang/market
phil-foden,Phil Foden,菲尔·福登,forward,cross,区间震荡,30,15191,3902,-0.743137383977355,-0.041277641277641275,-0.12136906102229228,0.1105420769031451,0.7772576778171024,0,3902,4070,3706,-0.7559805147784873,45,67,2025-10-17,2025-09-19,https://www.futbin.com/26/player/405/phil-foden/market
phil-foden,Phil Foden,菲尔·福登,forward,pc,区间震荡,30,18892,3912,-0.7929282235867033,-0.05209595347710201,-0.012869038607115822,0.11124287432518794,0.7950455219140377,0.002663115845539281,3912,4132,3716,-0.8032818124073682,44,68,2025-10-05,2025-09-18,https://www.futbin.com/26/player/405/phil-foden/market
nicholas-williams-arthuer,Nicholas Williams Arthuer,尼科·威廉斯,forward,cross,持续下行,30,176618,128861,-0.2703971282655222,-0.1925850736542667,-0.2791839839795045,0.056351817177255376,0.406803744158907,0.08852159927022193,121486,159597,122417,-0.3068772718522461,37,35,2025-10-14,2025-10-03,https://www.futbin.com/26/player/256/nicholas-williams-arthuer/market
nicholas-williams-arthuer,Nicholas Williams Arthuer,尼科·威廉斯,forward,pc,持续下行,30,228326,140847,-0.3831320129989576,-0.19560586417814127,-0.25376305346423444,0.08009992903315603,0.40183772325534545,0.04655040871934605,136576,175097,133804,-0.41397541234900975,34,40,2025-10-14,2025-09-18,https://www.futbin.com/26/player/256/nicholas-williams-arthuer/market
rodrygo-silva-de-goes,Rodrygo Silva de Goes,罗德里戈·格斯,forward,cross,持续下行,30,93364,37811,-0.5950152092883767,-0.21477374203061075,-0.2509855193042927,0.08913193310513216,0.6874065034249272,0.08660481631016809,31762,48153,35920,-0.6152644488239579,29,57,2025-10-14,2025-09-19,https://www.futbin.com/26/player/832/rodrygo-silva-de-goes/market
rodrygo-silva-de-goes,Rodrygo Silva de Goes,罗德里戈·格斯,forward,pc,持续下行,30,48469,35611,-0.26528296436897814,-0.23656905200874673,-0.28219548084094254,0.19138841216790506,0.6638895292038507,0.08252178370066633,30620,46646,33830,-0.3020188161505293,28,79,2025-10-14,2025-09-19,https://www.futbin.com/26/player/832/rodrygo-silva-de-goes/market
marta-vieira-da-silva,Marta Vieira da Silva,玛塔,forward,cross,区间震荡,30,2258,3946,0.7475642161204605,-0.029751659700024587,0.03814785582741384,0.06014830913769261,0.11361457334611696,0.8571428571428571,3897,4067,3748,0.6601860053144375,50,19,2025-09-19,2025-10-09,https://www.futbin.com/26/player/1146/marta-vieira-da-silva/market
marta-vieira-da-silva,Marta Vieira da Silva,玛塔,forward,pc,区间震荡,30,2988,3955,0.3236278447121821,-0.04859273514553765,0.03805774278215223,0.07455876422998456,0.18674698795180722,0.7913855734302024,3955,4166,3757,0.25744645247657294,44,27,2025-09-19,2025-10-09,https://www.futbin.com/26/player/1146/marta-vieira-da-silva/market
robert-lewandowski,Robert Lewandowski,罗伯特·莱万多夫斯基,forward,cross,区间震荡,30,9805,13262,0.3525752167261601,-0.031475936609946686,0.10058091286307054,0.08375455116646385,0.23693834900731453,0.7664395229982964,13223,13715,12598,0.28494645588985207,46,31,2025-09-26,2025-10-09,https://www.futbin.com/26/player/63/robert-lewandowski/market
robert-lewandowski,Robert Lewandowski,罗伯特·莱万多夫斯基,forward,pc,高波动,30,38322,13439,-0.6493137101403893,-0.036216293746414226,0.07297405189620758,0.14647151459342692,0.7657220395595219,0.1520242639040349,13439,14108,12767,-0.6668480246333699,38,74,2025-09-21,2025-09-18,https://www.futbin.com/26/player/63/robert-lewandowski/market
antoine-griezmann,Antoine Griezmann,安托万·格里兹曼,forward,cross,高波动,30,28312,3991,-0.8590350381463691,-0.07336893429301138,-0.5376506024096386,0.14347100296829554,0.8665440561778966,0,3991,4307,3791,-0.8660832862390505,38,79,2025-10-17,2025-09-19,https://www.futbin.com/26/player/795/antoine-griezmann/market
antoine-griezmann,Antoine Griezmann,安托万·格里兹曼,forward,pc,高波动,30,28968,3943,-0.8638842861088097,-0.06806901441739542,-0.49220862846104313,0.16260399856044733,0.8766656240225211,0,3943,4236,3745,-0.8706900718033693,38,84,2025-10-17,2025-09-19,https://www.futbin.com/26/player/795/antoine-griezmann/market
fridolina-rolfo,Fridolina Rolfö,弗里多丽娜·罗尔富,forward|defender,cross,高波动,30,1618,1556,-0.038318912237330034,-0.028107432854465958,0.04640215198386012,0.2595678758904666,0.6243012650779641,0.14239181014425314,1417,1601,1478,-0.08640296662546365,48,91,2025-09-19,2025-09-22,https://www.futbin.com/26/player/17314/fridolina-rolfo/market
fridolina-rolfo,Fridolina Rolfö,弗里多丽娜·罗尔富,forward|defender,pc,高波动,30,18361,1404,-0.9235335766025815,-0.09477756286266925,-0.0056657223796034,0.31420792890986393,0.9358422743859267,0.013152534481755223,1404,1551,1333,-0.9273568977724526,35,100,2025-09-28,2025-09-18,https://www.futbin.com/26/player/17314/fridolina-rolfo/market
geraldine-reuteler,Géraldine Reuteler,格拉尔迪娜·罗伊特勒,forward,cross,区间震荡,30,1698,1558,-0.08244994110718493,-0.03589108910891089,0.029742233972240583,0.09667649157308081,0.42579505300353354,0.8063623789764869,1444,1616,1480,-0.12832744405182572,35,45,2025-09-25,2025-09-18,https://www.futbin.com/26/player/1062/geraldine-reuteler/market
geraldine-reuteler,Géraldine Reuteler,格拉尔迪娜·罗伊特勒,forward,pc,区间震荡,30,1789,1415,-0.20905533817775293,-0.11118090452261306,-0.00979706088173548,0.08661745335236455,0.4359977641140302,0.5205128205128206,1415,1592,1344,-0.24860257126886529,33,43,2025-09-25,2025-09-18,https://www.futbin.com/26/player/1062/geraldine-reuteler/market
aitana-bonmati-conca,Aitana Bonmatí Conca,艾塔娜·邦马蒂,midfield,cross,持续下行,30,382580,465757,0.21741073762350357,-0.20071218348592365,-0.26576126367563135,0.05995234423855682,0.315727382246643,0.2998967288791011,465757,582715,442469,0.1565402007423283,41,31,2025-09-19,2025-10-03,https://www.futbin.com/26/player/111/aitana-bonmati-conca/market
aitana-bonmati-conca,Aitana Bonmatí Conca,艾塔娜·邦马蒂,midfield,pc,持续下行,30,470255,526882,0.12041764574539346,-0.14940008782352637,-0.1962479100816441,0.06718240401153432,0.2827414145719117,0.39701828999762867,518347,619424,500537,0.06439676345812372,41,30,2025-09-21,2025-10-03,https://www.futbin.com/26/player/111/aitana-bonmati-conca/market
rodrigo-hernandez-cascante,Rodrigo Hernández Cascante,罗德里,midfield,cross,区间震荡,30,32138,28993,-0.09785923206173378,-0.04600046066269619,-0.10310585906081791,0.04956399451337877,0.21439655876507582,0.0752868068833652,28856,30391,27543,-0.14296627045864713,57,23,2025-09-26,2025-10-03,https://www.futbin.com/26/player/61/rodrigo-hernandez-cascante/market
rodrigo-hernandez-cascante,Rodrigo Hernández Cascante,罗德里,midfield,pc,区间震荡,30,43544,28660,-0.34181517545471246,-0.060543481823843705,-0.10982730774009193,0.08234403976699337,0.3918105823994121,0.12760096125666726,28660,30507,27227,-0.37472441668197687,46,40,2025-09-20,2025-09-18,https://www.futbin.com/26/player/61/rodrigo-hernandez-cascante/market
vitor-machado-ferreira,Vítor Machado Ferreira,维蒂尼亚,midfield,cross,持续下行,30,77200,48469,-0.37216321243523315,-0.1512450530592232,-0.3277251480644132,0.0817689186173751,0.5558553416696933,0.10583403341734342,42800,57106,46045,-0.40355505181347157,37,49,2025-10-14,2025-09-23,https://www.futbin.com/26/player/68/vitor-machado-ferreira/market
vitor-machado-ferreira,Vítor Machado Ferreira,维蒂尼亚,midfield,pc,持续下行,30,83636,48502,-0.42008226122722275,-0.18279388721335782,-0.3628051183688484,0.08998440077032424,0.5596309256019328,0.11567233614946593,42286,59351,46076,-0.44907814816586156,31,51,2025-10-14,2025-10-03,https://www.futbin.com/26/player/68/vitor-machado-ferreira/market
pedro-gonzalez-lopez,Pedro González López,佩德里,midfield,cross,持续下行,30,92289,78788,-0.14629045715090638,-0.18495453463953573,-0.3032728173111785,0.09808531308736364,0.47673276075354326,0.07063952195252146,74024,96667,74848,-0.18897593429336118,37,48,2025-10-14,2025-09-23,https://www.futbin.com/26/player/94/pedro-gonzalez-lopez/market
pedro-gonzalez-lopez,Pedro González López,佩德里,midfield,pc,持续下行,30,80234,82340,0.02624822394496099,-0.20542710464353264,-0.3349970521487009,0.12576107416984675,0.46974695988257,0.05145920532079583,78750,103628,78223,-0.02506418725228706,37,54,2025-10-14,2025-09-23,https://www.futbin.com/26/player/94/pedro-gonzalez-lopez/market
maria-francesca-caldentey-oliver,María Francesca Caldentey Oliver,马里奥娜·卡尔登泰,midfield,cross,持续下行,30,31589,35655,0.12871569217132547,-0.14389646561659625,-0.39090846971198195,0.11453361084231221,0.4648284174009349,0.13639718215363972,32859,41648,33872,0.07227990756275919,43,51,2025-09-18,2025-09-23,https://www.futbin.com/26/player/128/maria-francesca-caldentey-oliver/market
maria-francesca-caldentey-oliver,María Francesca Caldentey Oliver,马里奥娜·卡尔登泰,midfield,pc,持续下行,30,37298,35069,-0.05976191752909003,-0.20717563809825243,-0.45019989025632984,0.1153145708558621,0.5478883960208929,0.01482705758359682,34450,44233,33315,-0.10677382165263564,37,56,2025-10-14,2025-09-23,https://www.futbin.com/26/player/128/maria-francesca-caldentey-oliver/market
nuno-alexandre-tavares-mendes,Nuno Alexandre Tavares Mendes,努诺·门德斯,midfield|defender,cross,持续下行,30,262708,127604,-0.5142744035202582,-0.15181728749567946,-0.25610516804150757,0.0580813037355933,0.5448330465764271,0.05608808652153257,119576,150444,121223,-0.5385606833442453,38,43,2025-10-14,2025-09-18,https://www.futbin.com/26/player/238/nuno-alexandre-tavares-mendes/market
nuno-alexandre-tavares-mendes,Nuno Alexandre Tavares Mendes,努诺·门德斯,midfield|defender,pc,持续下行,30,286824,131903,-0.5401256519677572,-0.13376151729482305,-0.25202583542674384,0.08351168732451643,0.5701963573480602,0.05273745612855099,123278,152271,125307,-0.5631193693693695,37,50,2025-10-14,2025-09-18,https://www.futbin.com/26/player/238/nuno-alexandre-tavares-mendes/market
bruno-miguel-borges-fernandes,Bruno Miguel Borges Fernandes,布鲁诺·费尔南德斯,midfield,cross,低位企稳,30,16037,10368,-0.3534950427137245,-0.028212578498453465,0.09171317258081499,0.12109228275486318,0.4992739202925832,0.11397177636539911,10368,10925,9849,-0.38582029057803824,45,54,2025-10-05,2025-10-03,https://www.futbin.com/26/player/224/bruno-miguel-borges-fernandes/market
bruno-miguel-borges-fernandes,Bruno Miguel Borges Fernandes,布鲁诺·费尔南德斯,midfield,pc,高波动,30,22877,10566,-0.5381387419679153,-0.04414691514383933,0.11069063386944182,0.13356532687032652,0.5841675044804826,0.07879377431906615,10566,11306,10037,-0.5612318048695196,40,62,2025-10-04,2025-09-18,https://www.futbin.com/26/player/224/bruno-miguel-borges-fernandes/market
patricia-guijarro-gutierrez,Patricia Guijarro Gutiérrez,派翠西亚·吉耶罗,midfield,cross,持续下行,30,96011,82424,-0.1415150347356032,-0.1973825150446959,-0.3064288118478627,0.07494691560375598,0.43540738508777593,0.061392957769685785,78698,102694,78302,-0.18443928299882303,38,40,2025-10-14,2025-10-03,https://www.futbin.com/26/player/133/patricia-guijarro-gutierrez/market
patricia-guijarro-gutierrez,Patricia Guijarro Gutiérrez,派翠西亚·吉耶罗,midfield,pc,持续下行,30,99836,93670,-0.06176128851316159,-0.18429371347957468,-0.2930939497535979,0.09580565757450268,0.4438494045809106,0.05659559594547361,89622,114833,88986,-0.1086732240875035,39,45,2025-10-14,2025-10-03,https://www.futbin.com/26/player/133/patricia-guijarro-gutierrez/market
yui-hasegawa,Yui Hasegawa,长谷川唯,midfield,cross,区间震荡,30,2827,3922,0.38733639900955075,-0.023406374501992032,0.046424759871931696,0.06934346864534326,0.20481075344888575,0.8655635987590486,3859,4016,3725,0.3179695790590731,47,27,2025-09-19,2025-10-09,https://www.futbin.com/26/player/545/yui-hasegawa/market
yui-hasegawa,Yui Hasegawa,长谷川唯,midfield,pc,区间震荡,30,3994,3899,-0.023785678517776666,-0.05684567005321722,0.03011889035667107,0.0838795666379179,0.3630445668502754,0.754874651810585,3899,4134,3704,-0.0725963945918879,37,38,2025-09-21,2025-10-09,https://www.futbin.com/26/player/545/yui-hasegawa/market
joshua-kimmich,Joshua Kimmich,约书亚·基米希,midfield|defender,cross,持续下行,30,32027,21613,-0.3251631435975895,-0.2063964162444004,-0.38392908044011176,0.09274275826213352,0.49734871389366947,0,21613,27234,20532,-0.3589049864177101,34,48,2025-10-17,2025-09-27,https://www.futbin.com/26/player/86/joshua-kimmich/market
joshua-kimmich,Joshua Kimmich,约书亚·基米希,midfield|defender,pc,持续下行,30,37844,20849,-0.44908043547193743,-0.19330624879086863,-0.4078166273752379,0.07520059793586768,0.5151057050491895,0,20849,25845,19806,-0.4766264136983406,34,45,2025-10-17,2025-09-27,https://www.futbin.com/26/player/86/joshua-kimmich/market
declan-rice,Declan Rice,德克兰·赖斯,midfield,cross,低位企稳,30,24750,10404,-0.5796363636363636,-0.026389668725435148,-0.06606822262118492,0.09610407771701214,0.631223132600948,0.021362048894062863,10404,10928,9883,-0.6006545454545454,47,56,2025-10-05,2025-09-19,https://www.futbin.com/26/player/220/declan-rice/market
declan-rice,Declan Rice,德克兰·赖斯,midfield,pc,高波动,30,29504,10503,-0.6440143709327549,-0.043006833712984055,0.0503,0.12097709462922035,0.6670281995661606,0.0345020325203252,10503,11299,9977,-0.6618136523861172,43,63,2025-10-05,2025-09-18,https://www.futbin.com/26/player/220/declan-rice/market
achraf-hakimi,Achraf Hakimi,阿什拉夫·哈基米,midfield|defender,cross,区间震荡,30,315756,174132,-0.4485235434956105,-0.08183893742782872,-0.13816945394434024,0.05251936603331617,0.5089260456811566,0.0758339160734671,161444,189653,165425,-0.47609736632083005,46,40,2025-10-14,2025-09-19,https://www.futbin.com/26/player/91/achraf-hakimi/market
achraf-hakimi,Achraf Hakimi,阿什拉夫·哈基米,midfield|defender,pc,区间震荡,30,344805,177764,-0.4844506315163643,-0.0700093122534607,-0.1202545740684836,0.053644061750001186,0.5241861341917896,0.07580418497084242,164063,191146,168875,-0.5102280999405462,46,41,2025-10-14,2025-09-18,https://www.futbin.com/26/player/91/achraf-hakimi/market
sakina-karchaoui,Sakina Karchaoui,萨基娜·卡尔沙维,midfield|defender,cross,持续下行,30,50593,38241,-0.2441444468602376,-0.16053474996707204,-0.3223405574949939,0.09933147733317532,0.5537617376097728,0.06926931966406553,35214,45554,36328,-0.28193722451722575,37,52,2025-10-14,2025-09-23,https://www.futbin.com/26/player/104/sakina-karchaoui/market
sakina-karchaoui,Sakina Karchaoui,萨基娜·卡尔沙维,midfield|defender,pc,持续下行,30,73394,41234,-0.4381829577349647,-0.2960838540066236,-0.44105407273861,0.09498129719759277,0.5601708074534162,0.008585508585508585,40788,58578,39172,-0.46627380984821654,32,52,2025-10-14,2025-09-23,https://www.futbin.com/26/player/104/sakina-karchaoui/market
ona-batlle-pascual,Ona Batlle Pascual,安娜·巴耶,midfield|defender,cross,区间震荡,30,3840,6883,0.7924479166666667,-0.02396483267158253,0.12046231482988767,0.062068616953853635,0.15664470071389347,0.7993170475439979,6883,7227,6538,0.7028255208333332,51,22,2025-09-18,2025-10-09,https://www.futbin.com/26/player/250/ona-batlle-pascual/market
ona-batlle-pascual,Ona Batlle Pascual,安娜·巴耶,midfield|defender,pc,区间震荡,30,4954,6911,0.3950343157044812,-0.051338366506520246,0.09872813990461049,0.07622999467915371,0.19441598360655737,0.7363590005099439,6911,7447,6565,0.3252825999192571,47,27,2025-09-19,2025-10-09,https://www.futbin.com/26/player/250/ona-batlle-pascual/market
nicolo-barella,Nicolò Barella,尼科洛·巴雷拉,midfield,cross,区间震荡,30,47096,10460,-0.7779004586376762,-0.0750729507471925,-0.43287790067230536,0.10282146110565539,0.7943414403963744,0,10460,11309,9937,-0.7890054357057924,42,66,2025-10-17,2025-09-19,https://www.futbin.com/26/player/236/nicolo-barella/market
nicolo-barella,Nicolò Barella,尼科洛·巴雷拉,midfield,pc,区间震荡,30,63238,10593,-0.8324899585692147,-0.06306385989739961,-0.4557644882860666,0.11782874095825621,0.8324899585692147,0,10593,11361,10063,-0.840865460640754,42,72,2025-10-17,2025-09-18,https://www.futbin.com/26/player/236/nicolo-barella/market
federico-valverde,Federico Valverde,费德里科·巴尔韦德,midfield|defender,cross,持续下行,30,619079,295618,-0.5224874369830022,-0.2143481692716154,-0.269189408341512,0.05415516889150295,0.5272428882258968,0.009019469677241463,292674,376271,280837,-0.5463630651338521,34,41,2025-10-14,2025-09-18,https://www.futbin.com/26/player/56/federico-valverde/market
federico-valverde,Federico Valverde,费德里科·巴尔韦德,midfield|defender,pc,持续下行,30,627143,315361,-0.49714658379348886,-0.19459540908580125,-0.24522101675605945,0.05986745545833181,0.4990074034151701,0.0037290421122930574,314194,391556,299592,-0.5222892546038144,35,41,2025-10-14,2025-09-18,https://www.futbin.com/26/player/56/federico-valverde/market
mohamed-salah,Mohamed Salah,穆罕默德·萨拉赫,midfield,cross,持续下行,30,725326,308576,-0.5745692281815349,-0.1279912283676399,-0.28591032687301127,0.04792313624900896,0.6070249791128403,0.05346691165615468,285035,353868,293147,-0.5958407667724581,41,44,2025-10-14,2025-09-18,https://www.futbin.com/26/player/31/mohamed-salah/market
mohamed-salah,Mohamed Salah,穆罕默德·萨拉赫,midfield,pc,区间震荡,30,1267079,316299,-0.7503715237960695,-0.08529115769017212,-0.26913078741412894,0.09085509546608864,0.7721681126433316,0.02822777642636228,288681,345792,300484,-0.762852947606266,42,62,2025-10-14,2025-09-18,https://www.futbin.com/26/player/31/mohamed-salah/market
georgia-stanway,Georgia Stanway,乔治亚·斯坦威,midfield,cross,区间震荡,30,2928,3905,0.33367486338797814,-0.031978185423896875,-0.008379888268156424,0.06822320406097196,0.15544715447154472,0.7917414721723519,3876,4034,3709,0.26699112021857924,47,24,2025-09-21,2025-10-01,https://www.futbin.com/26/player/1028/georgia-stanway/market
georgia-stanway,Georgia Stanway,乔治亚·斯坦威,midfield,pc,区间震荡,30,4684,3919,-0.16332194705380018,-0.05269518975102731,-0.026093439363817097,0.08608526817404367,0.41823228010247654,0.6094946401225115,3919,4137,3723,-0.20515584970111023,38,42,2025-09-25,2025-09-18,https://www.futbin.com/26/player/1028/georgia-stanway/market
katie-mccabe,Katie McCabe,凯蒂·麦凯布,midfield|defender,cross,区间震荡,30,10266,10342,0.007403078121955971,-0.03264428023571228,0.1160030214740477,0.10565132180203886,0.3873952854081434,0.725434043314838,10342,10898,9824,-0.04296707578414186,38,45,2025-09-24,2025-10-09,https://www.futbin.com/26/player/232/katie-mccabe/market
katie-mccabe,Katie McCabe,凯蒂·麦凯布,midfield|defender,pc,高波动,30,25967,10541,-0.5940616936881427,-0.04545866159558091,0.09007238883143744,0.1486788823631663,0.7466399661108329,0.20435320817000208,10541,11345,10013,-0.6143586090037355,35,74,2025-09-24,2025-09-18,https://www.futbin.com/26/player/232/katie-mccabe/market
martin-odegaard,Martin Ødegaard,马丁·厄德高,midfield,cross,低位企稳,30,10217,10352,0.013213271997650974,-0.02642716072604157,0.11816807085763664,0.14556677985777292,0.43396918561995595,0.15412792335869258,10352,10907,9834,-0.03744739160223161,49,56,2025-10-04,2025-09-19,https://www.futbin.com/26/player/231/martin-odegaard/market
martin-odegaard,Martin Ødegaard,马丁·厄德高,midfield,pc,高波动,30,12186,10538,-0.13523715739373052,-0.04295704295704296,0.12465314834578442,0.14240300263539218,0.5068773131525162,0.17556669572798606,10538,11274,10011,-0.17847529952404395,44,59,2025-09-28,2025-09-19,https://www.futbin.com/26/player/231/martin-odegaard/market
bruno-guimaraes-moura,Bruno Guimarães Moura,布鲁诺·吉马良斯,midfield,cross,区间震荡,30,5294,6899,0.30317340385341895,-0.06757669955399379,0.11978574906670995,0.09196668959050334,0.32326330317435975,0.754247572815534,6899,7399,6554,0.23801473366074788,41,38,2025-09-25,2025-10-09,https://www.futbin.com/26/player/247/bruno-guimaraes-moura/market
bruno-guimaraes-moura,Bruno Guimarães Moura,布鲁诺·吉马良斯,midfield,pc,区间震荡,30,9898,6970,-0.29581733683572436,-0.08602150537634409,0.10757985062768155,0.11319820634530821,0.5669832289351384,0.4782608695652174,6970,7719,6621,-0.33102646999393814,32,56,2025-09-21,2025-09-18,https://www.futbin.com/26/player/247/bruno-guimaraes-moura/market
moises-caicedo,Moisés Caicedo,摩西斯·卡些度,midfield,cross,持续下行,30,49048,23667,-0.517472679823846,-0.42172648862609036,-0.358513579443812,0.09029474263797035,0.5279063272959387,0,23667,40927,22483,-0.5415990458326537,31,49,2025-10-17,2025-09-23,https://www.futbin.com/26/player/219/moises-caicedo/market
moises-caicedo,Moisés Caicedo,摩西斯·卡些度,midfield,pc,持续下行,30,94711,18646,-0.8031274086431355,-0.5208038857906505,-0.49331521739130435,0.14493265959735038,0.8031274086431355,0,18646,38911,17713,-0.8129710382109787,26,76,2025-10-17,2025-09-18,https://www.futbin.com/26/player/219/moises-caicedo/market
scott-mctominay,Scott McTominay,麦汤明尼,midfield,cross,区间震荡,30,14199,3951,-0.7217409676737798,-0.10306469920544835,0.04440919904837431,0.1165103240978765,0.766321571941686,0.05817480011028398,3951,4405,3753,-0.7356539192900908,37,68,2025-09-25,2025-09-18,https://www.futbin.com/26/player/206/scott-mctominay/market
scott-mctominay,Scott McTominay,麦汤明尼,midfield,pc,持续下行,30,13667,3972,-0.7093729421233629,-0.13161346742457367,0.051071712093146336,0.1269962187941424,0.791907514450867,0.10422248914349072,3972,4574,3773,-0.7239042950171948,32,71,2025-09-26,2025-09-18,https://www.futbin.com/26/player/206/scott-mctominay/market
federico-dimarco,Federico Dimarco,费德里科·迪马尔科,midfield|defender,cross,区间震荡,30,6719,3936,-0.4141985414496205,-0.031972454500737824,0.007164790174002047,0.0916128896541545,0.5296536257164216,0.03787344154316631,3924,4066,3739,-0.4434886143771395,48,49,2025-10-05,2025-09-19,https://www.futbin.com/26/player/17306/federico-dimarco/market
federico-dimarco,Federico Dimarco,费德里科·迪马尔科,midfield|defender,pc,区间震荡,30,7176,3938,-0.4512263099219621,-0.05313777350324597,0.025253840145795365,0.10167137754997932,0.5043691971600218,0.08337845154304277,3938,4164,3741,-0.478664994425864,43,50,2025-09-26,2025-09-19,https://www.futbin.com/26/player/17306/federico-dimarco/market
frenkie-de-jong,Frenkie de Jong,弗兰基·德容,midfield,cross,持续下行,30,180472,158882,-0.11963074604370762,-0.169214036592189,-0.2120472726010345,0.04958828799994988,0.3101669897387562,0.053351298664067424,155160,191243,150937,-0.16364920874152225,44,28,2025-10-14,2025-10-03,https://www.futbin.com/26/player/218/frenkie-de-jong/market
frenkie-de-jong,Frenkie de Jong,弗兰基·德容,midfield,pc,持续下行,30,184934,170813,-0.07635697059491495,-0.1578638584451248,-0.166623569877784,0.06694442455489225,0.2913120040823668,0.07682737169517885,169431,202833,162272,-0.12253912206516916,44,31,2025-09-21,2025-10-03,https://www.futbin.com/26/player/218/frenkie-de-jong/market
caroline-weir,Caroline Weir,,midfield,cross,区间震荡,30,2200,4033,0.8331818181818181,-0.004443347321648976,0.06721354855781952,0.0542680452204491,0.11900746807998072,0.924357034795764,3889,4059,3831,0.7415227272727273,51,18,2025-09-18,2025-10-09,https://www.futbin.com/26/player/865/caroline-weir/market
caroline-weir,Caroline Weir,,midfield,pc,区间震荡,30,2889,3997,0.38352371062651436,-0.028439474963539133,0.05461741424802111,0.06752302584732742,0.16753201799930773,0.8206185567010309,3997,4153,3797,0.31434752509518854,48,24,2025-09-19,2025-10-09,https://www.futbin.com/26/player/865/caroline-weir/market
erin-cuthbert,Erin Cuthbert,埃琳·卡思伯特,midfield,cross,区间震荡,30,2406,3891,0.6172069825436409,-0.03257086026852312,0.03374070138150903,0.05471866285248902,0.11446510504709008,0.840983606557377,3867,4022,3696,0.5363466334164588,50,18,2025-09-19,2025-10-09,https://www.futbin.com/26/player/541/erin-cuthbert/market
erin-cuthbert,Erin Cuthbert,埃琳·卡思伯特,midfield,pc,区间震荡,30,4468,3882,-0.13115487914055507,-0.06163886874546773,0.021847854698604896,0.08915556772995835,0.41271262309758283,0.6822125813449024,3882,4137,3687,-0.17459713518352737,35,42,2025-09-21,2025-09-18,https://www.futbin.com/26/player/541/erin-cuthbert/market
lucy-bronze,Lucy Bronze,露西·布龙泽,midfield|defender,cross,区间震荡,30,5555,11309,1.0358235823582358,-0.05648256299015518,0.22857142857142856,0.07994528588138872,0.17330695206403454,0.8287483796629699,11309,12498,10743,0.9340324032403239,46,27,2025-09-18,2025-10-16,https://www.futbin.com/26/player/126/lucy-bronze/market
lucy-bronze,Lucy Bronze,露西·布龙泽,midfield|defender,pc,区间震荡,30,7595,11440,0.5062541145490455,-0.0832598765926757,0.2194861955015457,0.09096484410430221,0.22973971590442566,0.8327093005840946,11440,12557,10868,0.43094140882159315,42,33,2025-09-20,2025-10-16,https://www.futbin.com/26/player/126/lucy-bronze/market
keira-walsh,Keira Walsh,凯拉·沃尔什,midfield,cross,区间震荡,30,2291,4075,0.7786992579659537,0.006172839506172839,0.07718741739360296,0.055203868069581406,0.11038489469862019,0.9209466263846928,3916,4103,3871,0.689764295067656,52,18,2025-09-19,2025-10-09,https://www.futbin.com/26/player/570/keira-walsh/market
keira-walsh,Keira Walsh,凯拉·沃尔什,midfield,pc,区间震荡,30,2504,4066,0.6238019169329073,-0.021419975932611312,0.07282321899736148,0.0587871017154114,0.11551925320886815,0.8575653031049778,4018,4241,3862,0.5426118210862619,51,19,2025-09-19,2025-10-09,https://www.futbin.com/26/player/570/keira-walsh/market
youri-tielemans,Youri Tielemans,约埃里·蒂耶莱曼斯,midfield,cross,区间震荡,30,2389,3980,0.6659690246965257,-0.032806804374240585,0.03591879229567933,0.055399846152654156,0.1168646080760095,0.8462765957446808,3919,4115,3781,0.5826705734616995,50,19,2025-09-18,2025-10-09,https://www.futbin.com/26/player/309/youri-tielemans/market
youri-tielemans,Youri Tielemans,约埃里·蒂耶莱曼斯,midfield,pc,区间震荡,30,3546,3949,0.11364918217710096,-0.06355228835665165,0.03295840962594821,0.080026940838497,0.2882120699379583,0.7535695399259651,3949,4217,3751,0.05796672306824584,39,33,2025-09-21,2025-10-09,https://www.futbin.com/26/player/309/youri-tielemans/market
sandro-tonali,Sandro Tonali,桑德罗·托纳利,midfield,cross,区间震荡,30,40896,6878,-0.8318172926447575,-0.030858109060166266,-0.2713983050847458,0.10933296781627713,0.8318172926447575,0,6878,7249,6534,-0.8402264280125196,46,70,2025-10-17,2025-09-18,https://www.futbin.com/26/player/255/sandro-tonali/market
sandro-tonali,Sandro Tonali,桑德罗·托纳利,midfield,pc,高波动,30,53803,6886,-0.8720145716781592,-0.05033788442973383,-0.18023809523809523,0.13846061109291893,0.8756203185695965,0.004117934240410944,6886,7451,6541,-0.8784138430942513,41,79,2025-10-05,2025-09-18,https://www.futbin.com/26/player/255/sandro-tonali/market
granit-xhaka,Granit Xhaka,格拉尼特·扎卡,midfield,cross,区间震荡,30,2335,4005,0.715203426124197,-0.03795339899111218,0.03756476683937824,0.057600127815121784,0.11578449905482041,0.8413098236775819,3939,4163,3804,0.6294432548179871,49,19,2025-09-18,2025-10-09,https://www.futbin.com/26/player/362/granit-xhaka/market
granit-xhaka,Granit Xhaka,格拉尼特·扎卡,midfield,pc,区间震荡,30,3186,4000,0.25549278091650973,-0.05055779729408972,0.0457516339869281,0.07322549138012982,0.21657250470809794,0.7697031729785057,4000,4213,3800,0.19271814187068426,43,28,2025-09-19,2025-10-09,https://www.futbin.com/26/player/362/granit-xhaka/market
ryan-gravenberch,Ryan Gravenberch,瑞安·格拉文贝尔赫,midfield,cross,持续下行,30,105556,36095,-0.6580488082155443,-0.31358752495958925,-0.4913188083091406,0.07168788647564314,0.6854916213807685,0.001236298750955901,35998,52585,34290,-0.6751463678047671,33,53,2025-10-16,2025-09-22,https://www.futbin.com/26/player/305/ryan-gravenberch/market
ryan-gravenberch,Ryan Gravenberch,瑞安·格拉文贝尔赫,midfield,pc,持续下行,30,94972,28417,-0.7007854946721139,-0.3927991452991453,-0.5792255867328052,0.08352918537294456,0.7246361363592317,0,28417,46800,26996,-0.7157462199385083,32,58,2025-10-17,2025-09-23,https://www.futbin.com/26/player/305/ryan-gravenberch/market
kevin-de-bruyne,Kevin De Bruyne,凯文·德布劳内,midfield,cross,区间震荡,30,13063,10616,-0.1873229732833193,-0.00328607642474885,0.15178474557882174,0.10513368990653538,0.5165811718806445,0.548951048951049,10593,10998,10085,-0.22795682461915343,42,52,2025-09-25,2025-09-19,https://www.futbin.com/26/player/193/kevin-de-bruyne/market
kevin-de-bruyne,Kevin De Bruyne,凯文·德布劳内,midfield,pc,高波动,30,32923,10852,-0.6703824074355313,-0.014261059133436279,0.15459091392701352,0.1517805312405589,0.7955532606384594,0.15733811850946855,10852,11394,10309,-0.6868632870637548,40,77,2025-09-25,2025-09-18,https://www.futbin.com/26/player/193/kevin-de-bruyne/market
hakan-calhanoglu,Hakan Çalhanoğlu,哈坎·恰尔汗奥卢,midfield,cross,区间震荡,30,4938,6935,0.4044147428108546,-0.021861777150916785,0.12198673353826242,0.08577615161920814,0.24821852731591448,0.7678626188285802,6935,7276,6588,0.3341940056703119,48,33,2025-09-25,2025-10-09,https://www.futbin.com/26/player/252/hakan-calhanoglu/market
hakan-calhanoglu,Hakan Çalhanoğlu,哈坎·恰尔汗奥卢,midfield,pc,高波动,30,17353,6956,-0.5991471215351812,-0.04529234147680483,0.10098132320354543,0.14946579392832005,0.7414279951593384,0.19190113477382248,6956,7484,6608,-0.6191897654584221,36,74,2025-09-25,2025-09-18,https://www.futbin.com/26/player/252/hakan-calhanoglu/market
willian-pacho,Willian Pacho,威廉·帕乔,defender,cross,持续下行,30,192493,70434,-0.6340957853012836,-0.2150976196844076,-0.19289078345766442,0.08518290236395082,0.6439818590805899,0.01535147867895,68531,89736,66912,-0.6523909960362195,31,54,2025-10-14,2025-09-18,https://www.futbin.com/26/player/249/willian-pacho/market
willian-pacho,Willian Pacho,威廉·帕乔,defender,pc,持续下行,30,188150,73090,-0.6115333510496944,-0.207722242095108,-0.14288059666486855,0.10894092258187522,0.6129896359287802,0.0023757088109317287,72816,92253,69435,-0.6309566834972097,29,58,2025-10-14,2025-09-18,https://www.futbin.com/26/player/249/willian-pacho/market
gabriel-dos-s-magalhaes,Gabriel dos S. Magalhães,加布里埃尔·马加良斯,defender,cross,区间震荡,30,10721,13108,0.22264714112489506,-0.031547838936091616,0.10058774139378673,0.09248735438588666,0.3326501176649207,0.75498426023085,13084,13596,12452,0.16151478406865016,43,39,2025-09-25,2025-10-09,https://www.futbin.com/26/player/42/gabriel-dos-s-magalhaes/market
gabriel-dos-s-magalhaes,Gabriel dos S. Magalhães,加布里埃尔·马加良斯,defender,pc,区间震荡,30,13454,13291,-0.01211535602794708,-0.035206155632984903,0.08004225581017389,0.08266824954505206,0.36011595064664786,0.7320200125078173,13291,14003,12626,-0.061509588226549804,40,38,2025-09-21,2025-10-09,https://www.futbin.com/26/player/42/gabriel-dos-s-magalhaes/market
maria-pilar-leon-cebrian,María Pilar León Cebrián,玛丽亚·利昂,defender,cross,区间震荡,30,12282,21189,0.7252076209086468,-0.004510218463706836,0.09255439826750542,0.04989024167647155,0.12308634415186773,0.9262687188019967,20149,21771,20129,0.6389472398632144,51,18,2025-09-18,2025-10-10,https://www.futbin.com/26/player/142/maria-pilar-leon-cebrian/market
maria-pilar-leon-cebrian,María Pilar León Cebrián,玛丽亚·利昂,defender,pc,区间震荡,30,27310,20639,-0.24426949835225192,-0.045507098922443694,0.03220805201300325,0.10439628648655816,0.5114610032954962,0.5224083619702177,19809,21623,19607,-0.28205602343463937,37,51,2025-09-20,2025-09-18,https://www.futbin.com/26/player/142/maria-pilar-leon-cebrian/market
william-saliba,William Saliba,威廉·萨利巴,defender,cross,持续下行,30,252978,81854,-0.676438267359217,-0.14167671577622817,-0.3506176169584844,0.06544452897786861,0.689119211947284,0.01840167037606406,78646,95365,77761,-0.6926163539912562,39,52,2025-10-14,2025-09-18,https://www.futbin.com/26/player/225/william-saliba/market
william-saliba,William Saliba,威廉·萨利巴,defender,pc,持续下行,30,283719,82007,-0.7109569679859298,-0.14156661188514724,-0.34561399308963525,0.07633529980580057,0.7236103327588213,0.01748643461826967,78417,95531,77906,-0.7254091195866332,38,57,2025-10-14,2025-09-18,https://www.futbin.com/26/player/225/william-saliba/market
virgil-van-dijk,Virgil van Dijk,维吉尔·范戴克,defender,cross,持续下行,30,403562,98733,-0.7553461426001457,-0.20130563510168423,-0.3801215484875501,0.05711482614930709,0.7610082217850045,0.007440233919651986,96448,123618,93796,-0.7675788354701385,34,54,2025-10-14,2025-09-18,https://www.futbin.com/26/player/62/virgil-van-dijk/market
virgil-van-dijk,Virgil van Dijk,维吉尔·范戴克,defender,pc,持续下行,30,617823,95528,-0.8453796637548294,-0.17082147073119922,-0.3860826199840621,0.08916770218000487,0.8483918533301609,0.0035504697074916626,93667,115208,90751,-0.853110680567088,34,66,2025-10-14,2025-09-18,https://www.futbin.com/26/player/62/virgil-van-dijk/market
irene-paredes-hernandez,Irene Paredes Hernández,伊莲内·帕雷德斯,defender,cross,区间震荡,30,6905,13163,0.9062997827661116,-0.03113499190343,0.1115521026853572,0.07032033509728192,0.13890717577353523,0.8224471021159153,13133,13609,12504,0.8109847936278057,49,23,2025-09-18,2025-10-09,https://www.futbin.com/26/player/110/irene-paredes-hernandez/market
irene-paredes-hernandez,Irene Paredes Hernández,伊莲内·帕雷德斯,defender,pc,高波动,30,19912,13313,-0.3314081960626758,-0.036685962373371926,0.07963668802205823,0.12918347304135092,0.6130976295701085,0.45945281782437747,13313,14033,12647,-0.36483778625954205,35,62,2025-09-20,2025-09-18,https://www.futbin.com/26/player/110/irene-paredes-hernandez/market
ruben-santos-gato-alves-dias,Rúben Santos Gato Alves Dias,鲁本·迪亚斯,defender,cross,区间震荡,30,4306,6908,0.6042731072921504,-0.025669957686882933,0.11455308163923847,0.0786861819525203,0.15190567589799836,0.76461945342345,6908,7269,6562,0.5240594519275429,50,26,2025-09-18,2025-10-09,https://www.futbin.com/26/player/245/ruben-santos-gato-alves-dias/market
ruben-santos-gato-alves-dias,Rúben Santos Gato Alves Dias,鲁本·迪亚斯,defender,pc,高波动,30,19210,6949,-0.6382613222280062,-0.04951443031049104,0.10057016154577131,0.15920312049539592,0.7762623633524206,0.17777628755364808,6949,7479,6601,-0.656348256116606,36,78,2025-09-20,2025-09-18,https://www.futbin.com/26/player/245/ruben-santos-gato-alves-dias/market
dayot-upamecano,Dayot Upamecano,达约特·乌帕梅卡诺,defender,cross,高波动,30,25500,3923,-0.846156862745098,-0.07235753133128399,-0.5019045200609447,0.13401319441907594,0.8714950209643606,0,3923,4229,3726,-0.8538490196078432,39,77,2025-10-17,2025-09-19,https://www.futbin.com/26/player/1008/dayot-upamecano/market
dayot-upamecano,Dayot Upamecano,达约特·乌帕梅卡诺,defender,pc,高波动,30,24023,3893,-0.8379469674894893,-0.06147540983606557,-0.39792762140426846,0.13897450463187785,0.8495575221238938,0,3893,4220,3698,-0.8460496191150149,40,77,2025-10-17,2025-09-19,https://www.futbin.com/26/player/1008/dayot-upamecano/market
jonathan-tah,Jonathan Tah,约纳坦·塔,defender,cross,区间震荡,30,7173,10330,0.4401226822807751,-0.03050211168465509,0.12160694896851248,0.09623826179990898,0.24034942745838744,0.7491825351029044,10330,10921,9813,0.3681165481667364,47,34,2025-09-24,2025-10-09,https://www.futbin.com/26/player/227/jonathan-tah/market
jonathan-tah,Jonathan Tah,约纳坦·塔,defender,pc,高波动,30,14723,10591,-0.28064932418664673,-0.04014863150262824,0.1283826976347752,0.12208223451683337,0.5562724988113835,0.4954822954822955,10591,11333,10061,-0.3166168579773145,36,57,2025-09-20,2025-09-18,https://www.futbin.com/26/player/227/jonathan-tah/market
marcos-aoas-correa,Marcos Aoás Corrêa,马尔基尼奥斯,defender,cross,区间震荡,30,62798,48250,-0.23166342877161694,-0.11888239590942294,-0.13291161988283076,0.08736103316205346,0.4035731170933681,0.23501011750505876,41630,54760,45837,-0.2700802573330361,39,41,2025-10-14,2025-10-03,https://www.futbin.com/26/player/221/marcos-aoas-correa/market
marcos-aoas-correa,Marcos Aoás Corrêa,马尔基尼奥斯,defender,pc,持续下行,30,71124,52705,-0.25897024914234296,-0.13098319840393083,-0.14715448470039968,0.10859769343770911,0.3921251892983342,0.2202010109321735,48168,60649,50069,-0.2960217366852258,35,45,2025-09-20,2025-10-03,https://www.futbin.com/26/player/221/marcos-aoas-correa/market
nico-schlotterbeck,Nico Schlotterbeck,尼科·施洛特贝克,defender,cross,低位企稳,30,11124,3880,-0.6512046026609133,-0.02902902902902903,0.0173046670162559,0.0941977973374182,0.6906546726636682,0.02001929570670526,3880,4002,3686,-0.6686443725278677,47,59,2025-10-05,2025-09-19,https://www.futbin.com/26/player/1003/nico-schlotterbeck/market
nico-schlotterbeck,Nico Schlotterbeck,尼科·施洛特贝克,defender,pc,区间震荡,30,13028,3888,-0.7015658581516733,-0.054474708171206226,0.026128266033254157,0.10434034752524259,0.7091648756524409,0.010715445394523217,3888,4129,3693,-0.7164875652440896,44,62,2025-10-04,2025-09-18,https://www.futbin.com/26/player/1003/nico-schlotterbeck/market
gleison-bremer-silva-nascimento,Gleison Bremer Silva Nascimento,格雷森·布雷默,defender,cross,持续下行,30,48104,4908,-0.8979710626974887,-0.36400155500842296,-0.7088795302212468,0.12195825382638893,0.9010982367758187,0,4908,7717,4662,-0.9030725095626143,28,76,2025-10-17,2025-09-19,https://www.futbin.com/26/player/174/gleison-bremer-silva-nascimento/market
gleison-bremer-silva-nascimento,Gleison Bremer Silva Nascimento,格雷森·布雷默,defender,pc,持续下行,30,47433,4085,-0.9138785233908882,-0.2763507528786537,-0.7059881963437455,0.13476203531792064,0.9138785233908882,0,4085,5645,3880,-0.9181845972213438,27,80,2025-10-17,2025-09-18,https://www.futbin.com/26/player/174/gleison-bremer-silva-nascimento/market
alessandro-bastoni,Alessandro Bastoni,亚历山德罗·巴斯托尼,defender,cross,区间震荡,30,20883,10198,-0.5116602020782455,-0.03409736692555408,0.11028851388132825,0.09521549674497108,0.6197946849904793,0.06765511253589795,10198,10814,9688,-0.5360771919743331,45,55,2025-10-04,2025-09-19,https://www.futbin.com/26/player/216/alessandro-bastoni/market
alessandro-bastoni,Alessandro Bastoni,亚历山德罗·巴斯托尼,defender,pc,区间震荡,30,22810,10499,-0.5397194213064446,-0.03758364653038775,0.1226475620188195,0.09631242255043566,0.5900043840420868,0.08522811710506761,10499,11183,9974,-0.5627334502411223,44,54,2025-10-04,2025-09-18,https://www.futbin.com/26/player/216/alessandro-bastoni/market
marc-cucurella-saseta,Marc Cucurella Saseta,马克·库库雷利亚,defender,cross,区间震荡,30,1486,1879,0.26446837146702556,0.03185063152114223,0.21460892049127342,0.09668817074883289,0.38498149127445797,0.8983688833124216,1808,1960,1785,0.20124495289367425,46,42,2025-09-25,2025-10-15,https://www.futbin.com/26/player/384/marc-cucurella-saseta/market
marc-cucurella-saseta,Marc Cucurella Saseta,马克·库库雷利亚,defender,pc,区间震荡,30,1459,1563,0.07128169979437972,-0.06407185628742515,0.0720164609053498,0.07875442129811701,0.3590664272890485,0.7224669603524229,1547,1670,1484,0.017717614804660664,39,37,2025-09-25,2025-10-10,https://www.futbin.com/26/player/384/marc-cucurella-saseta/market
maya-le-tissier,Maya Le Tissier,玛也·拿铁斯,defender,cross,区间震荡,30,1345,1549,0.1516728624535316,-0.033083645443196,0.022442244224422443,0.06868252959462273,0.2661710037174721,0.9138211382113821,1422,1602,1471,0.09408921933085498,40,30,2025-09-25,2025-10-11,https://www.futbin.com/26/player/17328/maya-le-tissier/market
maya-le-tissier,Maya Le Tissier,玛也·拿铁斯,defender,pc,区间震荡,30,1473,1431,-0.028513238289205704,-0.09544879898862199,-0.027192386131883073,0.07322449582184622,0.30210454854039376,0.7132743362831858,1426,1582,1359,-0.07708757637474539,35,33,2025-09-25,2025-10-08,https://www.futbin.com/26/player/17328/maya-le-tissier/market
josko-gvardiol,Joško Gvardiol,约什科·格瓦迪奥尔,defender,cross,高波动,30,8368,1533,-0.816802103250478,-0.04959702417854929,-0.3902147971360382,0.1574728929131919,0.873891882496089,0.00815514669318747,1451,1613,1456,-0.8259619980879541,40,83,2025-10-14,2025-09-19,https://www.futbin.com/26/player/377/josko-gvardiol/market
josko-gvardiol,Joško Gvardiol,约什科·格瓦迪奥尔,defender,pc,高波动,30,9735,1472,-0.8487930148947098,-0.06361323155216285,-0.38794178794178796,0.16921033055642878,0.8824447547851804,0.003816793893129771,1431,1572,1398,-0.8563533641499743,39,86,2025-10-12,2025-09-19,https://www.futbin.com/26/player/377/josko-gvardiol/market
marc-guehi,Marc Guéhi,马克·格希,defender,cross,低位企稳,30,716,750,0.04748603351955307,0,-0.5244134432466709,0.29705145262232324,0.7192062897791089,0.0399800099950025,750,750,712,-0.004888268156424581,55,100,2025-09-20,2025-09-27,https://www.futbin.com/26/player/402/marc-guehi/market
marc-guehi,Marc Guéhi,马克·格希,defender,pc,高波动,30,740,750,0.013513513513513514,0,-0.486652977412731,0.224977878033895,0.6301775147928994,0.06783369803063458,750,750,712,-0.037162162162162164,54,84,2025-09-20,2025-09-26,https://www.futbin.com/26/player/402/marc-guehi/market
alejandro-grimaldo-garcia,Alejandro Grimaldo García,亚力斯·格里马尔多,defender,cross,高波动,30,18904,1575,-0.9166842996191282,-0.010678391959798994,0.059892328398384924,0.2966229273407257,0.9711052251384541,0.009298289114802877,1435,1592,1496,-0.9208500846381719,44,100,2025-09-26,2025-09-19,https://www.futbin.com/26/player/1024/alejandro-grimaldo-garcia/market
alejandro-grimaldo-garcia,Alejandro Grimaldo García,亚力斯·格里马尔多,defender,pc,高波动,30,10000,1414,-0.8586,-0.09532949456174024,-0.0077192982456140355,0.9530692116599458,0.9798457411133468,0.0036277764468325407,1414,1563,1343,-0.86567,35,100,2025-09-26,2025-09-19,https://www.futbin.com/26/player/1024/alejandro-grimaldo-garcia/market
marcos-llorente-moreno,Marcos Llorente Moreno,马科斯·略伦特,defender,cross,持续下行,30,197056,54882,-0.7214903377720039,-0.16343515639290287,-0.2064488143435512,0.16397160833988086,0.8258906341565863,0.01428559709940446,51399,65604,52137,-0.7354158208834037,28,81,2025-10-14,2025-09-22,https://www.futbin.com/26/player/952/marcos-llorente-moreno/market
marcos-llorente-moreno,Marcos Llorente Moreno,马科斯·略伦特,defender,pc,持续下行,30,183280,57260,-0.6875818419903972,-0.14903103079300917,-0.18502704241389126,0.17271920956594317,0.8202220519115861,0.017554739697029833,53014,67288,54397,-0.7032027498908774,30,83,2025-10-14,2025-09-22,https://www.futbin.com/26/player/952/marcos-llorente-moreno/market
leah-williamson,Leah Williamson,利亚威廉森,defender,cross,区间震荡,30,5990,10172,0.6981636060100167,-0.03427323649482578,0.11108683779355544,0.07346365799492802,0.1713457706937149,0.7729001036985828,10172,10776,9663,0.6132554257095157,50,26,2025-09-19,2025-10-09,https://www.futbin.com/26/player/98/leah-williamson/market
leah-williamson,Leah Williamson,利亚威廉森,defender,pc,区间震荡,30,9120,10467,0.14769736842105263,-0.04845454545454545,0.11410324640766364,0.09055662268966087,0.34407894736842104,0.7383931511359895,10467,11194,9943,0.09031249999999996,41,39,2025-09-20,2025-10-09,https://www.futbin.com/26/player/98/leah-williamson/market
jules-kounde,Jules Koundé,朱尔·昆代,defender,cross,区间震荡,30,181607,115840,-0.362139124593215,-0.09209185672858375,-0.14249759419646163,0.06013367885096333,0.41360740500090853,0.12443752163378331,106493,127590,110048,-0.39403216836355426,44,36,2025-10-14,2025-09-18,https://www.futbin.com/26/player/223/jules-kounde/market
jules-kounde,Jules Koundé,朱尔·昆代,defender,pc,区间震荡,30,191753,123938,-0.3536580913988308,-0.09525060955134101,-0.1274122575421551,0.0597229468708116,0.37024714085307664,0.04480534114598005,120757,136986,117741,-0.3859751868288893,46,34,2025-10-14,2025-09-18,https://www.futbin.com/26/player/223/jules-kounde/market
naomi-girma,Naomi Girma,娜欧蜜·吉尔玛,defender,cross,区间震荡,30,2452,3914,0.5962479608482871,-0.03477188655980271,0.0379209758684699,0.05845721035467209,0.130865361942938,0.8320493066255779,3885,4055,3718,0.5164355628058727,50,20,2025-09-19,2025-10-03,https://www.futbin.com/26/player/563/naomi-girma/market
naomi-girma,Naomi Girma,娜欧蜜·吉尔玛,defender,pc,区间震荡,30,5638,3922,-0.3043632493792125,-0.0556224416084758,0.02804718217562254,0.11857842233933388,0.5546293011706279,0.45123121202430444,3922,4153,3725,-0.3391450869102519,35,57,2025-09-21,2025-09-18,https://www.futbin.com/26/player/563/naomi-girma/market
ezri-konsa,Ezri Konsa,安斯·干沙,defender,cross,低位企稳,30,2469,761,-0.6917780477926286,0.014666666666666666,-0.5090322580645161,0.2419603406525576,0.7739602169981917,0.004283489096573208,750,789,722,-0.7071891454029973,46,96,2025-10-11,2025-09-19,https://www.futbin.com/26/player/403/ezri-konsa/market
ezri-konsa,Ezri Konsa,安斯·干沙,defender,pc,低位企稳,30,2302,750,-0.6741963509991312,0,-0.47662247034194,0.268400683989322,0.7648165569143932,0,750,750,712,-0.6904865334491747,45,100,2025-10-02,2025-09-19,https://www.futbin.com/26/player/403/ezri-konsa/market
vanessa-gilles,Vanessa Gilles,范内莎·吉伊,defender,cross,低位企稳,30,850,750,-0.11764705882352941,0,-0.0013315579227696406,0.01693953610255247,0.11764705882352941,0,750,750,712,-0.16176470588235295,66,10,2025-09-24,2025-09-18,https://www.futbin.com/26/player/17381/vanessa-gilles/market
vanessa-gilles,Vanessa Gilles,范内莎·吉伊,defender,pc,低位企稳,30,850,750,-0.11764705882352941,0,0,0.017845749726969683,0.11764705882352941,0,750,755,712,-0.16176470588235295,66,10,2025-09-24,2025-09-18,https://www.futbin.com/26/player/17381/vanessa-gilles/market
giulia-gwinn,Giulia Gwinn,朱莉娅·格温,defender,cross,区间震荡,30,1745,1556,-0.10830945558739255,-0.035337879727216366,0.025708635464733027,0.0802477457056547,0.4143266475644699,0.7385892116182573,1417,1613,1478,-0.15289398280802302,38,40,2025-09-25,2025-09-18,https://www.futbin.com/26/player/302/giulia-gwinn/market
giulia-gwinn,Giulia Gwinn,朱莉娅·格温,defender,pc,高波动,30,5411,1422,-0.7372019959342081,-0.10902255639097744,-0.07421875,0.13485859126513694,0.7811864720014785,0.05630470783061273,1422,1596,1350,-0.7503418961374978,34,73,2025-09-25,2025-09-18,https://www.futbin.com/26/player/302/giulia-gwinn/market
glodis-perla-viggosdottir,Glódís Perla Viggósdóttir,,defender,cross,区间震荡,30,1230,1555,0.26422764227642276,-0.015199493350221659,0.05423728813559322,0.06627631604630758,0.22682926829268293,0.9617834394904459,1416,1579,1477,0.20101626016260163,43,27,2025-09-25,2025-10-11,https://www.futbin.com/26/player/1069/glodis-perla-viggosdottir/market
glodis-perla-viggosdottir,Glódís Perla Viggósdóttir,,defender,pc,区间震荡,30,1346,1402,0.041604754829123326,-0.09606705351386202,-0.011283497884344146,0.07324238315342917,0.27414561664190196,0.7095158597662772,1402,1551,1331,-0.01047548291233294,36,31,2025-09-24,2025-10-08,https://www.futbin.com/26/player/1069/glodis-perla-viggosdottir/market
janina-minge,Janina Minge,亚妮娜·明格,defender,cross,区间震荡,30,1563,1541,-0.014075495841330775,-0.03446115288220551,0.03910991233985165,0.08001623613993822,0.38835572616762637,0.9140625,1405,1596,1463,-0.06337172104926435,35,39,2025-09-25,2025-10-11,https://www.futbin.com/26/player/1078/janina-minge/market
janina-minge,Janina Minge,亚妮娜·明格,defender,pc,区间震荡,30,1988,1401,-0.29527162977867205,-0.09261658031088082,-0.007087172218284904,0.1021962272885588,0.5050301810865191,0.4153386454183267,1401,1544,1330,-0.3305080482897384,34,50,2025-09-25,2025-09-18,https://www.futbin.com/26/player/1078/janina-minge/market
gianluca-mancini,Gianluca Mancini,詹卢卡·曼奇尼,defender,cross,低位企稳,30,850,755,-0.11176470588235295,0.006666666666666667,-0.04791929382093316,0.026456418860117802,0.11764705882352941,0.05,750,755,717,-0.1561764705882353,65,12,2025-09-24,2025-09-18,https://www.futbin.com/26/player/205/gianluca-mancini/market
gianluca-mancini,Gianluca Mancini,詹卢卡·曼奇尼,defender,pc,低位企稳,30,850,750,-0.11764705882352941,0,-0.05303030303030303,0.03256013031822314,0.11764705882352941,0,750,761,712,-0.16176470588235295,64,14,2025-09-24,2025-09-18,https://www.futbin.com/26/player/205/gianluca-mancini/market
aurelien-tchouameni,Aurélien Tchouaméni,奥雷利安·楚阿梅尼,defender,cross,持续下行,30,24795,3452,-0.8607783827384553,-0.5472193074501573,-0.6717383035374667,0.12473879144092825,0.8607783827384553,0,3452,7624,3279,-0.8677394636015325,28,75,2025-10-17,2025-09-18,https://www.futbin.com/26/player/884/aurelien-tchouameni/market
aurelien-tchouameni,Aurélien Tchouaméni,奥雷利安·楚阿梅尼,defender,pc,持续下行,30,31284,3060,-0.9021864211737629,-0.5812234843300944,-0.7359109346681626,0.15555194016415475,0.9021864211737629,0,3060,7307,2907,-0.9070771001150748,25,84,2025-10-17,2025-09-18,https://www.futbin.com/26/player/884/aurelien-tchouameni/market
ibrahima-konate,Ibrahima Konaté,伊布拉西马·科纳特,defender,cross,持续下行,30,58447,8120,-0.8610707136379968,-0.25675057208237984,-0.689222290263319,0.10799226524020365,0.8853366470854044,0,8120,10925,7714,-0.868017177956097,29,72,2025-10-17,2025-09-19,https://www.futbin.com/26/player/251/ibrahima-konate/market
ibrahima-konate,Ibrahima Konaté,伊布拉西马·科纳特,defender,pc,持续下行,30,57945,7098,-0.8775045301579084,-0.21577726218097448,-0.719313508383423,0.11141912249543573,0.8880918220946915,0,7098,9051,6743,-0.883629303650013,29,73,2025-10-17,2025-09-19,https://www.futbin.com/26/player/251/ibrahima-konate/market
wendie-renard,Wendie Renard,温迪·勒纳尔,defender,cross,区间震荡,30,2200,3949,0.795,-0.035888671875,0.03214845791949817,0.059921237616506674,0.18722659667541558,0.7373524451939292,3905,4096,3751,0.7052499999999998,52,23,2025-09-18,2025-10-03,https://www.futbin.com/26/player/17313/wendie-renard/market
wendie-renard,Wendie Renard,温迪·勒纳尔,defender,pc,区间震荡,30,3083,3940,0.27797599740512485,-0.06168135270302453,0.02311088029083355,0.08199058032657223,0.24781057411612067,0.6364350215940322,3940,4199,3743,0.21407719753486865,45,32,2025-09-19,2025-10-03,https://www.futbin.com/26/player/17313/wendie-renard/market
ingrid-syrstad-engen,Ingrid Syrstad Engen,英格丽·希利斯塔德·恩根,defender,cross,区间震荡,30,1245,1550,0.24497991967871485,-0.03426791277258567,0.0388739946380697,0.06946249063726737,0.23293172690763053,0.9153846153846154,1413,1605,1472,0.1827309236947791,42,28,2025-09-25,2025-10-11,https://www.futbin.com/26/player/17326/ingrid-syrstad-engen/market
ingrid-syrstad-engen,Ingrid Syrstad Engen,英格丽·希利斯塔德·恩根,defender,pc,区间震荡,30,1369,1390,0.015339663988312637,-0.09798831927319922,-0.0204369274136716,0.07254502064451232,0.2753834915997078,0.6862068965517242,1390,1541,1320,-0.035427319211102995,36,31,2025-09-24,2025-10-08,https://www.futbin.com/26/player/17326/ingrid-syrstad-engen/market
eder-gabriel-militao,Éder Gabriel Militão,埃德尔·米利唐,defender,cross,持续下行,30,72365,31184,-0.5690734471084088,-0.3011205737337517,-0.26653495154765267,0.08090517934737138,0.5690734471084088,0,31184,44620,29624,-0.5906197747529883,32,49,2025-10-17,2025-09-18,https://www.futbin.com/26/player/811/eder-gabriel-militao/market
eder-gabriel-militao,Éder Gabriel Militão,埃德尔·米利唐,defender,pc,持续下行,30,67683,33009,-0.512299986702717,-0.2730255913315421,-0.2469200584048184,0.08927722815942774,0.55827239488117,0.003563603091666466,32861,45406,31358,-0.5366849873675812,31,50,2025-10-16,2025-09-29,https://www.futbin.com/26/player/811/eder-gabriel-militao/market
trent-alexander-arnold,Trent Alexander-Arnold,特伦特·亚历山大-阿诺德,defender,cross,区间震荡,30,6109,6942,0.13635619577672287,-0.0266404935501963,-0.08717948717948718,0.10769856141196656,0.33076636442677926,0.3592233009708738,6942,7303,6594,0.07953838598788666,50,42,2025-09-26,2025-10-10,https://www.futbin.com/26/player/244/trent-alexander-arnold/market
trent-alexander-arnold,Trent Alexander-Arnold,特伦特·亚历山大-阿诺德,defender,pc,高波动,30,15068,6946,-0.5390230953013008,-0.05342055055873535,-0.10708317264429876,0.12932709223657202,0.6744757101141492,0.20082652760011807,6946,7503,6598,-0.5620719405362357,37,66,2025-09-25,2025-09-18,https://www.futbin.com/26/player/244/trent-alexander-arnold/market
steph-catley,Steph Catley,史蒂芬妮·凯特莉,defender,cross,区间震荡,30,1735,1596,-0.08011527377521614,-0.023853211009174313,0.03636363636363636,0.08777152394482315,0.4132564841498559,0.806136680613668,1467,1635,1516,-0.12610951008645543,37,42,2025-09-25,2025-09-18,https://www.futbin.com/26/player/17315/steph-catley/market
steph-catley,Steph Catley,史蒂芬妮·凯特莉,defender,pc,持续下行,30,8726,1429,-0.8362365344946138,-0.12115621156211562,-0.028552005438477225,0.17190680321105145,0.8786385514554206,0.04825877135776705,1429,1626,1357,-0.8444247077698831,32,86,2025-09-25,2025-09-18,https://www.futbin.com/26/player/17315/steph-catley/market
piero-hincapie,Piero Hincapié,皮耶罗·欣卡皮耶,defender,cross,强势上行,30,93826,192944,1.0564022765544732,0.4290983697624638,0.37817142857142855,0.08553753748643692,0.035635714285714284,1,135011,192944,183296,0.9535821627267493,66,21,2025-09-18,2025-10-17,https://www.futbin.com/26/player/398/piero-hincapie/market
piero-hincapie,Piero Hincapié,皮耶罗·欣卡皮耶,defender,pc,数据不足,1,,,,,,,0,,,,,,,,2025-09-22,2025-09-22,https://www.futbin.com/26/player/398/piero-hincapie/market
willi-orban,Willi Orbán,威利·奥尔班,defender,cross,持续下行,30,1214,1558,0.2833607907742998,-0.22255489021956087,-0.010793650793650795,0.0858668760892679,0.2744510978043912,0.5690821256038647,1454,2004,1480,0.21919275123558477,33,34,2025-09-24,2025-10-11,https://www.futbin.com/26/player/1015/willi-orban/market
willi-orban,Willi Orbán,威利·奥尔班,defender,pc,持续下行,30,1517,1408,-0.07185234014502308,-0.2749742533470649,-0.06258322237017311,0.09898847858128525,0.35201054713249835,0.443169968717414,1408,1942,1337,-0.11825972313777197,28,41,2025-09-24,2025-10-11,https://www.futbin.com/26/player/1015/willi-orban/market
amir-rrahmani,Amir Rrahmani,阿米尔·拉赫马尼,defender,cross,低位企稳,30,850,750,-0.11764705882352941,0,0,0.016824181692137227,0.11764705882352941,0,750,750,712,-0.16176470588235295,66,10,2025-09-24,2025-09-18,https://www.futbin.com/26/player/279/amir-rrahmani/market
amir-rrahmani,Amir Rrahmani,阿米尔·拉赫马尼,defender,pc,低位企稳,30,850,750,-0.11764705882352941,0,0,0.01717179880129594,0.11764705882352941,0,750,750,712,-0.16176470588235295,66,10,2025-09-24,2025-09-18,https://www.futbin.com/26/player/279/amir-rrahmani/market
inigo-martinez-berridi,Iñigo Martínez Berridi,伊尼戈·马丁内斯,defender,cross,高波动,30,18467,3954,-0.7858883413656793,-0.0325422069977979,0.032915360501567396,0.31412006409966386,0.9332232184992921,0.028419721871049304,3900,4087,3756,-0.7965939242973954,41,100,2025-09-26,2025-09-19,https://www.futbin.com/26/player/725/inigo-martinez-berridi/market
inigo-martinez-berridi,Iñigo Martínez Berridi,伊尼戈·马丁内斯,defender,pc,数据不足,24,,3949,,-0.05231581473482121,0.03811777076761304,0.12211092723534628,0.5024071526822559,0.36105407255304584,3949,4174,3751,,,54,2025-09-25,2025-09-24,https://www.futbin.com/26/player/725/inigo-martinez-berridi/market
griedge-mbock,Griedge Mbock,格丽奇·姆博克·巴蒂,defender,cross,低位企稳,30,850,750,-0.11764705882352941,0,-0.01832460732984293,0.01743000288053156,0.11764705882352941,0,750,751,712,-0.16176470588235295,66,10,2025-09-24,2025-09-18,https://www.futbin.com/26/player/17378/griedge-mbock/market
griedge-mbock,Griedge Mbock,格丽奇·姆博克·巴蒂,defender,pc,低位企稳,30,850,750,-0.11764705882352941,0,-0.009247027741083224,0.01871392286781253,0.11764705882352941,0,750,766,712,-0.16176470588235295,66,11,2025-09-24,2025-09-18,https://www.futbin.com/26/player/17378/griedge-mbock/market
ashley-lawrence,Ashley Lawrence,阿什莉·劳伦斯,defender,cross,区间震荡,30,1234,1551,0.2568881685575365,-0.028804007514088917,0.04233870967741935,0.06647647877866297,0.21636952998379255,0.926984126984127,1419,1597,1473,0.1940437601296595,42,27,2025-09-25,2025-10-11,https://www.futbin.com/26/player/17319/ashley-lawrence/market
ashley-lawrence,Ashley Lawrence,阿什莉·劳伦斯,defender,pc,高波动,30,2986,1395,-0.5328198258539852,-0.10058027079303675,-0.013437057991513438,0.1307649293910411,0.6691225720026792,0.2037037037037037,1395,1551,1325,-0.556178834561286,32,66,2025-09-24,2025-09-18,https://www.futbin.com/26/player/17319/ashley-lawrence/market
olga-carmona-garcia,Olga Carmona García,奥尔加·卡莫纳,defender,cross,区间震荡,30,1422,1574,0.10689170182841069,-0.019925280199252802,0.037574159525379035,0.07263205444006547,0.27983539094650206,0.8896434634974533,1483,1606,1495,0.051547116736990126,41,31,2025-09-25,2025-09-30,https://www.futbin.com/26/player/17316/olga-carmona-garcia/market
olga-carmona-garcia,Olga Carmona García,奥尔加·卡莫纳,defender,pc,区间震荡,30,2533,1419,-0.4397947098302408,-0.11090225563909774,-0.026748971193415638,0.10867732532537258,0.5771812080536913,0.23803009575923392,1419,1596,1348,-0.4678049743387288,33,56,2025-09-25,2025-09-18,https://www.futbin.com/26/player/17316/olga-carmona-garcia/market
denzel-dumfries,Denzel Dumfries,丹佐·邓弗里斯,defender,cross,区间震荡,30,6354,1611,-0.7464589235127479,0.013207547169811321,0.05986842105263158,0.11255931687151371,0.8068594485541358,0.029171528588098017,1436,1611,1530,-0.7591359773371105,49,69,2025-10-14,2025-09-19,https://www.futbin.com/26/player/17318/denzel-dumfries/market
denzel-dumfries,Denzel Dumfries,丹佐·邓弗里斯,defender,pc,区间震荡,30,7230,1409,-0.8051175656984786,-0.0933075933075933,-0.0056457304163726185,0.11422956125534456,0.8178423236514523,0.015558937933367156,1409,1554,1338,-0.8148616874135546,39,70,2025-10-02,2025-09-18,https://www.futbin.com/26/player/17318/denzel-dumfries/market
antonio-rudiger,Antonio Rüdiger,安东尼奥·吕迪格,defender,cross,持续下行,30,99449,38193,-0.6159539060221823,-0.22909391841430676,-0.12074681154749298,0.08086594264937796,0.6332592585144144,0.02732743700080982,36472,49543,36283,-0.6351562107210731,31,53,2025-10-14,2025-09-18,https://www.futbin.com/26/player/240/antonio-rudiger/market
antonio-rudiger,Antonio Rüdiger,安东尼奥·吕迪格,defender,pc,持续下行,30,247971,40995,-0.8346782486661747,-0.2438300070092596,-0.14493992991823795,0.14384497428119603,0.8387956656221897,0.004908724645066996,39974,54214,38945,-0.8429443362328659,25,78,2025-10-14,2025-09-18,https://www.futbin.com/26/player/240/antonio-rudiger/market
pedro-antonio-porro-sauceda,Pedro Antonio Porro Sauceda,佩德罗·波罗,defender,cross,低位企稳,30,702,750,0.06837606837606838,0,-0.08088235294117647,0.045488411101126724,0.1581569115815691,0.5285714285714286,750,750,712,0.014957264957264958,54,19,2025-09-21,2025-10-04,https://www.futbin.com/26/player/404/pedro-antonio-porro-sauceda/market
pedro-antonio-porro-sauceda,Pedro Antonio Porro Sauceda,佩德罗·波罗,defender,pc,区间震荡,30,756,750,-0.007936507936507936,0,-0.12075029308323564,0.04603637418216476,0.16223067173637515,0.4635416666666667,750,750,712,-0.057539682539682536,54,19,2025-09-20,2025-10-04,https://www.futbin.com/26/player/404/pedro-antonio-porro-sauceda/market
emily-sonnett,Emily Sonnett,艾蜜莉·索尼特,defender,cross,低位企稳,30,886,752,-0.15124153498871332,-0.00922266139657444,-0.06351183063511831,0.03097494977613535,0.15712682379349047,0.007142857142857143,752,770,714,-0.19367945823927768,63,15,2025-10-02,2025-09-19,https://www.futbin.com/26/player/17360/emily-sonnett/market
emily-sonnett,Emily Sonnett,艾蜜莉·索尼特,defender,pc,低位企稳,30,857,764,-0.10851808634772463,-0.02176696542893726,-0.1278538812785388,0.06075229362675288,0.2113564668769716,0.06965174129353234,764,849,725,-0.15309218203033845,58,25,2025-10-02,2025-09-19,https://www.futbin.com/26/player/17360/emily-sonnett/market
david-hancko,Dávid Hancko,达维德·汉茨科,defender,cross,高波动,30,2632,750,-0.7150455927051672,-0.048223350253807105,-0.34952298352124894,0.19829706484004828,0.8110355253212396,0,750,788,712,-0.7292933130699089,40,88,2025-10-17,2025-09-19,https://www.futbin.com/26/player/17353/david-hancko/market
david-hancko,Dávid Hancko,达维德·汉茨科,defender,pc,低位企稳,30,3195,758,-0.762754303599374,0.007978723404255319,-0.15022421524663676,0.18688594004639156,0.8301332730969053,0.0016326530612244899,752,786,720,-0.7746165884194054,46,87,2025-10-10,2025-09-19,https://www.futbin.com/26/player/17353/david-hancko/market
joao-pedro-cavaco-cancelo,João Pedro Cavaco Cancelo,若昂·坎塞洛,defender,cross,区间震荡,30,2278,1549,-0.32001755926251096,-0.031269543464665414,0.04099462365591398,0.10486339800220161,0.5609137055837563,0.385369532428356,1431,1599,1471,-0.35401668129938546,40,54,2025-09-25,2025-09-19,https://www.futbin.com/26/player/735/joao-pedro-cavaco-cancelo/market
joao-pedro-cavaco-cancelo,João Pedro Cavaco Cancelo,若昂·坎塞洛,defender,pc,高波动,30,5139,1400,-0.7275734578711812,-0.10657306955966815,-0.0196078431372549,0.14400333652759711,0.7980151780502043,0.08827115337722506,1400,1567,1330,-0.7411947849776221,33,76,2025-09-25,2025-09-18,https://www.futbin.com/26/player/735/joao-pedro-cavaco-cancelo/market
sara-doorsoun,Sara Doorsoun,萨拉·杜尔松,defender,cross,区间震荡,30,1238,1554,0.2552504038772213,-0.03598014888337469,0.03462050599201065,0.06394954596066794,0.21082390953150243,0.9086614173228347,1445,1612,1476,0.19248788368336023,42,26,2025-09-24,2025-10-11,https://www.futbin.com/26/player/17324/sara-doorsoun/market
sara-doorsoun,Sara Doorsoun,萨拉·杜尔松,defender,pc,区间震荡,30,1974,1408,-0.2867274569402229,-0.1037555697008275,-0.01607267645003494,0.09844172998355405,0.4949341438703141,0.42067553735926305,1408,1571,1337,-0.3223910840932118,34,49,2025-09-24,2025-09-18,https://www.futbin.com/26/player/17324/sara-doorsoun/market
