evolution_id,name,name_zh,slug,date_range_start,date_range_end,exact_release_date,category,status,free,repeatable,url,popular_url,popular_status,popular_player_count
5,Intro to Evolutions,,intro-to-evolutions,2025-09-18,2026-02-14,,EVOLUTIONS,active,true,2,https://www.futbin.com/26/evolutions/5/intro-to-evolutions,https://www.futbin.com/26/popular/evolutions?evo_id=5,no-popular-players,0
6,Intro to Training Camp EVOs I,,intro-to-training-camp-evos-i,2025-09-18,2026-02-14,,TRAINING CAMP,active,true,true,https://www.futbin.com/26/evolutions/6/intro-to-training-camp-evos-i,https://www.futbin.com/26/popular/evolutions?evo_id=6,no-popular-players,0
7,Intro to Training Camp EVOs II,,intro-to-training-camp-evos-ii,2025-09-18,2026-02-14,,TRAINING CAMP,active,true,true,https://www.futbin.com/26/evolutions/7/intro-to-training-camp-evos-ii,https://www.futbin.com/26/popular/evolutions?evo_id=7,no-popular-players,0
8,Intro to Rewards EVOs,,intro-to-rewards-evos,2025-09-18,2026-02-14,,REWARDS,active,true,true,https://www.futbin.com/26/evolutions/8/intro-to-rewards-evos,https://www.futbin.com/26/popular/evolutions?evo_id=8,no-popular-players,0
9,Club Member Reward,,club-member-reward,2025-09-18,2026-02-14,,REWARDS,active,true,true,https://www.futbin.com/26/evolutions/9/club-member-reward,https://www.futbin.com/26/popular/evolutions?evo_id=9,no-popular-players,0
10,Rising Guard,,rising-guard,2025-09-18,2026-02-14,,EVOLUTIONS,expired,true,2,https://www.futbin.com/26/evolutions/10/rising-guard,https://www.futbin.com/26/popular/evolutions?evo_id=10,no-popular-players,0
11,Cover Athlete,,cover-athlete,2025-09-18,2026-02-14,,EVOLUTIONS,expired,,true,https://www.futbin.com/26/evolutions/11/cover-athlete,https://www.futbin.com/26/popular/evolutions?evo_id=11,no-popular-players,0
12,The Debut,,the-debut,2025-09-18,2026-02-14,,EVOLUTIONS,expired,true,true,https://www.futbin.com/26/evolutions/12/the-debut,https://www.futbin.com/26/popular/evolutions?evo_id=12,no-popular-players,0
13,Striker’s Rise,,strikers-rise,2025-09-18,2026-02-14,,TRAINING CAMP,expired,true,true,https://www.futbin.com/26/evolutions/13/strikers-rise,https://www.futbin.com/26/popular/evolutions?evo_id=13,no-popular-players,0
14,Passing Prodigy,,passing-prodigy,2025-09-18,2026-02-14,,EVOLUTIONS,expired,,2,https://www.futbin.com/26/evolutions/14/passing-prodigy,https://www.futbin.com/26/popular/evolutions?evo_id=14,no-popular-players,0
15,One Shot,,one-shot,2025-09-18,2026-02-14,,EVOLUTIONS,expired,true,2,https://www.futbin.com/26/evolutions/15/one-shot,https://www.futbin.com/26/popular/evolutions?evo_id=15,no-popular-players,0
16,Complete Connection,,complete-connection,2025-09-18,2026-02-14,,EVOLUTIONS,expired,,true,https://www.futbin.com/26/evolutions/16/complete-connection,https://www.futbin.com/26/popular/evolutions?evo_id=16,no-popular-players,0
17,Relentless Pressure,,relentless-pressure,2025-09-18,2026-02-14,,EVOLUTIONS,expired,true,2,https://www.futbin.com/26/evolutions/17/relentless-pressure,https://www.futbin.com/26/popular/evolutions?evo_id=17,no-popular-players,0
18,Long Ball Pass,,long-ball-pass,2025-09-18,2026-02-14,,EVOLUTIONS,expired,true,true,https://www.futbin.com/26/evolutions/18/long-ball-pass,https://www.futbin.com/26/popular/evolutions?evo_id=18,no-popular-players,0
19,Footwork Phenom,,footwork-phenom,2025-09-18,2026-02-14,,EVOLUTIONS,expired,,2,https://www.futbin.com/26/evolutions/19/footwork-phenom,https://www.futbin.com/26/popular/evolutions?evo_id=19,no-popular-players,0
20,Pinged Pass,,pinged-pass,2025-09-18,2026-02-14,,REWARDS,expired,true,true,https://www.futbin.com/26/evolutions/20/pinged-pass,https://www.futbin.com/26/popular/evolutions?evo_id=20,no-popular-players,0
21,ST Advanced Forward+,,st-advanced-forward,2025-09-18,2026-02-14,,REWARDS,expired,true,true,https://www.futbin.com/26/evolutions/21/st-advanced-forward,https://www.futbin.com/26/popular/evolutions?evo_id=21,no-popular-players,0
22,Whipped Pass+,,whipped-pass,2025-09-18,2026-02-14,,REWARDS,expired,true,true,https://www.futbin.com/26/evolutions/22/whipped-pass,https://www.futbin.com/26/popular/evolutions?evo_id=22,no-popular-players,0
23,Cornerstones,,cornerstones,2025-09-18,2026-02-14,,REWARDS,expired,true,true,https://www.futbin.com/26/evolutions/23/cornerstones,https://www.futbin.com/26/popular/evolutions?evo_id=23,no-popular-players,0
24,Iron Will,,iron-will,2025-09-18,2026-02-14,,EVOLUTIONS,expired,true,true,https://www.futbin.com/26/evolutions/24/iron-will,https://www.futbin.com/26/popular/evolutions?evo_id=24,no-popular-players,0
25,The Eighth King of Rome,,the-eighth-king-of-rome,2025-09-18,2026-02-14,,EVOLUTIONS,expired,,true,https://www.futbin.com/26/evolutions/25/the-eighth-king-of-rome,https://www.futbin.com/26/popular/evolutions?evo_id=25,no-popular-players,0
26,CAM Upgrade,,cam-upgrade,2025-09-18,2026-02-14,,EVOLUTIONS,expired,true,2,https://www.futbin.com/26/evolutions/26/cam-upgrade,https://www.futbin.com/26/popular/evolutions?evo_id=26,no-popular-players,0
27,Sprint Boost,,sprint-boost,2025-09-18,2026-02-14,,EVOLUTIONS,expired,,2,https://www.futbin.com/26/evolutions/27/sprint-boost,https://www.futbin.com/26/popular/evolutions?evo_id=27,no-popular-players,0
28,Cornerstones,,cornerstones,2025-09-18,2026-02-14,,COSMETICS,expired,,2,https://www.futbin.com/26/evolutions/28/cornerstones,https://www.futbin.com/26/popular/evolutions?evo_id=28,no-popular-players,0
29,Sideline Rise,,sideline-rise,2025-09-18,2026-02-14,,EVOLUTIONS,expired,true,true,https://www.futbin.com/26/evolutions/29/sideline-rise,https://www.futbin.com/26/popular/evolutions?evo_id=29,no-popular-players,0
30,Reflex Deflector,,reflex-deflector,2025-09-18,2026-02-14,,EVOLUTIONS,expired,true,2,https://www.futbin.com/26/evolutions/30/reflex-deflector,https://www.futbin.com/26/popular/evolutions?evo_id=30,no-popular-players,0
31,Backline Glow,,backline-glow,2025-09-18,2026-02-14,,EVOLUTIONS,expired,,true,https://www.futbin.com/26/evolutions/31/backline-glow,https://www.futbin.com/26/popular/evolutions?evo_id=31,no-popular-players,0
32,Ball Distributor,,ball-distributor,2025-09-18,2026-02-14,,EVOLUTIONS,expired,true,2,https://www.futbin.com/26/evolutions/32/ball-distributor,https://www.futbin.com/26/popular/evolutions?evo_id=32,no-popular-players,0
33,GK Boost,,gk-boost,2025-09-18,2026-02-14,,REWARDS,expired,true,true,https://www.futbin.com/26/evolutions/33/gk-boost,https://www.futbin.com/26/popular/evolutions?evo_id=33,no-popular-players,0
34,Shadow Striker++,,shadow-striker,2025-09-18,2026-02-14,,REWARDS,expired,true,true,https://www.futbin.com/26/evolutions/34/shadow-striker,https://www.futbin.com/26/popular/evolutions?evo_id=34,no-popular-players,0
35,Finesse Shot,,finesse-shot,2025-09-18,2026-02-14,,REWARDS,expired,true,true,https://www.futbin.com/26/evolutions/35/finesse-shot,https://www.futbin.com/26/popular/evolutions?evo_id=35,no-popular-players,0
36,Intercept,,intercept,2025-09-18,2026-02-14,,REWARDS,expired,true,true,https://www.futbin.com/26/evolutions/36/intercept,https://www.futbin.com/26/popular/evolutions?evo_id=36,no-popular-players,0
37,CDM Roles+,,cdm-roles,2025-09-18,2026-02-14,,REWARDS,expired,true,true,https://www.futbin.com/26/evolutions/37/cdm-roles,https://www.futbin.com/26/popular/evolutions?evo_id=37,no-popular-players,0
38,Gamechanger+,,gamechanger,2025-09-18,2026-02-14,,REWARDS,expired,true,true,https://www.futbin.com/26/evolutions/38/gamechanger,https://www.futbin.com/26/popular/evolutions?evo_id=38,no-popular-players,0
39,Inventive+,,inventive,2025-09-18,2026-02-14,,REWARDS,expired,true,true,https://www.futbin.com/26/evolutions/39/inventive,https://www.futbin.com/26/popular/evolutions?evo_id=39,no-popular-players,0
40,Aerial Fortress,,aerial-fortress,2025-09-18,2026-02-14,,REWARDS,expired,true,true,https://www.futbin.com/26/evolutions/40/aerial-fortress,https://www.futbin.com/26/popular/evolutions?evo_id=40,no-popular-players,0
41,Striker Debut,,striker-debut,2025-09-18,2026-02-14,,EVOLUTIONS,expired,true,2,https://www.futbin.com/26/evolutions/41/striker-debut,https://www.futbin.com/26/popular/evolutions?evo_id=41,no-popular-players,0
42,Silver Warm-Up,,silver-warm-up,2025-09-18,2026-02-14,,REWARDS,expired,true,true,https://www.futbin.com/26/evolutions/42/silver-warm-up,https://www.futbin.com/26/popular/evolutions?evo_id=42,no-popular-players,0
43,Midfield Spark,,midfield-spark,2025-09-18,2026-02-14,,EVOLUTIONS,expired,,true,https://www.futbin.com/26/evolutions/43/midfield-spark,https://www.futbin.com/26/popular/evolutions?evo_id=43,no-popular-players,0
44,Fullback Force,,fullback-force,2025-09-18,2026-02-14,,EVOLUTIONS,expired,true,2,https://www.futbin.com/26/evolutions/44/fullback-force,https://www.futbin.com/26/popular/evolutions?evo_id=44,no-popular-players,0
45,CM Box-to-Box++,,cm-box-to-box,2025-09-18,2026-02-14,,REWARDS,active,true,true,https://www.futbin.com/26/evolutions/45/cm-box-to-box,https://www.futbin.com/26/popular/evolutions?evo_id=45,no-popular-players,0
46,Tiki Taka+,,tiki-taka,2025-09-18,2026-02-14,,REWARDS,expired,true,true,https://www.futbin.com/26/evolutions/46/tiki-taka,https://www.futbin.com/26/popular/evolutions?evo_id=46,no-popular-players,0
47,Right-Wing Dynamo,,right-wing-dynamo,2025-09-18,2026-02-14,,EVOLUTIONS,expired,true,2,https://www.futbin.com/26/evolutions/47/right-wing-dynamo,https://www.futbin.com/26/popular/evolutions?evo_id=47,no-popular-players,0
48,Born to Shine,,born-to-shine,2025-09-18,2026-02-14,,EVOLUTIONS,expired,,true,https://www.futbin.com/26/evolutions/48/born-to-shine,https://www.futbin.com/26/popular/evolutions?evo_id=48,no-popular-players,0
49,Fullback Force II,,fullback-force-ii,2025-09-18,2026-02-14,,EVOLUTIONS,expired,true,2,https://www.futbin.com/26/evolutions/49/fullback-force-ii,https://www.futbin.com/26/popular/evolutions?evo_id=49,no-popular-players,0
50,Left-Wing Dynamo,,left-wing-dynamo,2025-09-18,2026-02-14,,EVOLUTIONS,expired,true,2,https://www.futbin.com/26/evolutions/50/left-wing-dynamo,https://www.futbin.com/26/popular/evolutions?evo_id=50,no-popular-players,0
51,Ratings Reload,,ratings-reload,2025-09-18,2026-02-14,,COSMETICS,expired,,2,https://www.futbin.com/26/evolutions/51/ratings-reload,https://www.futbin.com/26/popular/evolutions?evo_id=51,no-popular-players,0
52,Keeper of the Goal,,keeper-of-the-goal,2025-09-18,2026-02-14,,EVOLUTIONS,expired,,true,https://www.futbin.com/26/evolutions/52/keeper-of-the-goal,https://www.futbin.com/26/popular/evolutions?evo_id=52,no-popular-players,0
53,Ice Veins,,ice-veins,2025-09-18,2026-02-14,,EVOLUTIONS,expired,,5,https://www.futbin.com/26/evolutions/53/ice-veins,https://www.futbin.com/26/popular/evolutions?evo_id=53,no-popular-players,0
54,Iron Lungs,,iron-lungs,2025-09-18,2026-02-14,,EVOLUTIONS,expired,true,5,https://www.futbin.com/26/evolutions/54/iron-lungs,https://www.futbin.com/26/popular/evolutions?evo_id=54,no-popular-players,0
55,The Big Fella,,the-big-fella,2025-09-18,2026-02-14,,EVOLUTIONS,expired,,true,https://www.futbin.com/26/evolutions/55/the-big-fella,https://www.futbin.com/26/popular/evolutions?evo_id=55,ok,1
56,Inverted Instinct,,inverted-instinct,2025-09-18,2026-02-14,,EVOLUTIONS,expired,true,2,https://www.futbin.com/26/evolutions/56/inverted-instinct,https://www.futbin.com/26/popular/evolutions?evo_id=56,no-popular-players,0
57,Phantom Fullback,,phantom-fullback,2025-09-18,2026-02-14,,EVOLUTIONS,expired,,true,https://www.futbin.com/26/evolutions/57/phantom-fullback,https://www.futbin.com/26/popular/evolutions?evo_id=57,no-popular-players,0
58,Rise from the Grave,,rise-from-the-grave,2025-09-18,2026-02-14,,EVOLUTIONS,expired,,true,https://www.futbin.com/26/evolutions/58/rise-from-the-grave,https://www.futbin.com/26/popular/evolutions?evo_id=58,no-popular-players,0
59,Ghostly Guardian,,ghostly-guardian,2025-09-18,2026-02-14,,EVOLUTIONS,expired,true,2,https://www.futbin.com/26/evolutions/59/ghostly-guardian,https://www.futbin.com/26/popular/evolutions?evo_id=59,no-popular-players,0
60,Jockey+,,jockey,2025-09-18,2026-02-14,,REWARDS,expired,true,true,https://www.futbin.com/26/evolutions/60/jockey,https://www.futbin.com/26/popular/evolutions?evo_id=60,no-popular-players,0
61,RM Inside Forward++,,rm-inside-forward,2025-09-18,2026-02-14,,REWARDS,expired,true,true,https://www.futbin.com/26/evolutions/61/rm-inside-forward,https://www.futbin.com/26/popular/evolutions?evo_id=61,no-popular-players,0
62,Spooky Striker,,spooky-striker,2025-09-18,2026-02-14,,EVOLUTIONS,expired,,true,https://www.futbin.com/26/evolutions/62/spooky-striker,https://www.futbin.com/26/popular/evolutions?evo_id=62,no-popular-players,0
63,Phantom Dash,,phantom-dash,2025-09-18,2026-02-14,,EVOLUTIONS,expired,true,true,https://www.futbin.com/26/evolutions/63/phantom-dash,https://www.futbin.com/26/popular/evolutions?evo_id=63,no-popular-players,0
64,EVO Flash: Fast like Adama,,evo-flash-fast-like-adama,2025-09-18,2026-02-14,,EVOLUTIONS,expired,true,true,https://www.futbin.com/26/evolutions/64/evo-flash-fast-like-adama,https://www.futbin.com/26/popular/evolutions?evo_id=64,no-popular-players,0
65,The Undead Lion,,the-undead-lion,2025-09-18,2026-02-14,,EVOLUTIONS,expired,,true,https://www.futbin.com/26/evolutions/65/the-undead-lion,https://www.futbin.com/26/popular/evolutions?evo_id=65,no-popular-players,0
66,The Portuguese Backline Titan,,the-portuguese-backline-titan,2025-09-18,2026-02-14,,EVOLUTIONS,expired,,true,https://www.futbin.com/26/evolutions/66/the-portuguese-backline-titan,https://www.futbin.com/26/popular/evolutions?evo_id=66,no-popular-players,0
67,World Tour,,world-tour,2025-09-18,2026-02-14,,COSMETICS,expired,,2,https://www.futbin.com/26/evolutions/67/world-tour,https://www.futbin.com/26/popular/evolutions?evo_id=67,no-popular-players,0
68,Star in Motion,,star-in-motion,2025-09-18,2026-02-14,,REWARDS,active,true,true,https://www.futbin.com/26/evolutions/68/star-in-motion,https://www.futbin.com/26/popular/evolutions?evo_id=68,no-popular-players,0
69,Curse of the Left,,curse-of-the-left,2025-09-18,2026-02-14,,EVOLUTIONS,expired,,true,https://www.futbin.com/26/evolutions/69/curse-of-the-left,https://www.futbin.com/26/popular/evolutions?evo_id=69,no-popular-players,0
70,The ScreaMOR,,the-screamor,2025-09-18,2026-02-14,,EVOLUTIONS,expired,true,true,https://www.futbin.com/26/evolutions/70/the-screamor,https://www.futbin.com/26/popular/evolutions?evo_id=70,no-popular-players,0
71,Power Shot+,,power-shot,2025-09-18,2026-02-14,,REWARDS,expired,true,true,https://www.futbin.com/26/evolutions/71/power-shot,https://www.futbin.com/26/popular/evolutions?evo_id=71,no-popular-players,0
72,CDM Box Crasher++,,cdm-box-crasher,2025-09-18,2026-02-14,,REWARDS,expired,true,true,https://www.futbin.com/26/evolutions/72/cdm-box-crasher,https://www.futbin.com/26/popular/evolutions?evo_id=72,no-popular-players,0
73,CM Roles+ - Season 2 Lvl 8,,cm-roles-season-2-lvl-8,2025-09-18,2026-02-14,,REWARDS,expired,true,true,https://www.futbin.com/26/evolutions/73/cm-roles-season-2-lvl-8,https://www.futbin.com/26/popular/evolutions?evo_id=73,no-popular-players,0
74,Trickster - Season 2 (P) Lvl 10,,trickster-season-2-p-lvl-10,2025-09-18,2026-02-14,,REWARDS,expired,true,true,https://www.futbin.com/26/evolutions/74/trickster-season-2-p-lvl-10,https://www.futbin.com/26/popular/evolutions?evo_id=74,no-popular-players,0
75,Relentless - Season 2 Lvl 20,,relentless-season-2-lvl-20,2025-09-18,2026-02-14,,REWARDS,expired,true,true,https://www.futbin.com/26/evolutions/75/relentless-season-2-lvl-20,https://www.futbin.com/26/popular/evolutions?evo_id=75,no-popular-players,0
76,Jockey - Season 2 Lvl 20,,jockey-season-2-lvl-20,2025-09-18,2026-02-14,,REWARDS,expired,true,true,https://www.futbin.com/26/evolutions/76/jockey-season-2-lvl-20,https://www.futbin.com/26/popular/evolutions?evo_id=76,no-popular-players,0
77,CB Roles+ - Season 2 (P) Lvl 20,,cb-roles-season-2-p-lvl-20,2025-09-18,2026-02-14,,REWARDS,expired,true,true,https://www.futbin.com/26/evolutions/77/cb-roles-season-2-p-lvl-20,https://www.futbin.com/26/popular/evolutions?evo_id=77,no-popular-players,0
78,LW Roles+ - Season 2 (P) Lvl 23,,lw-roles-season-2-p-lvl-23,2025-09-18,2026-02-14,,REWARDS,expired,true,true,https://www.futbin.com/26/evolutions/78/lw-roles-season-2-p-lvl-23,https://www.futbin.com/26/popular/evolutions?evo_id=78,no-popular-players,0
79,RW Roles+ - Season 2 (P) Lvl 23,,rw-roles-season-2-p-lvl-23,2025-09-18,2026-02-14,,REWARDS,expired,true,true,https://www.futbin.com/26/evolutions/79/rw-roles-season-2-p-lvl-23,https://www.futbin.com/26/popular/evolutions?evo_id=79,no-popular-players,0
80,RB Roles+ - Season 2 (B/P) Lvl 26,,rb-roles-season-2-bp-lvl-26,2025-09-18,2026-02-14,,REWARDS,expired,true,true,https://www.futbin.com/26/evolutions/80/rb-roles-season-2-bp-lvl-26,https://www.futbin.com/26/popular/evolutions?evo_id=80,no-popular-players,0
81,LB Roles+ - Season 2 (B/P) Lvl 26,,lb-roles-season-2-bp-lvl-26,2025-09-18,2026-02-14,,REWARDS,expired,true,true,https://www.futbin.com/26/evolutions/81/lb-roles-season-2-bp-lvl-26,https://www.futbin.com/26/popular/evolutions?evo_id=81,no-popular-players,0
82,Sweeper Keeper++ - Season 2 (P) Lvl 33,,sweeper-keeper-season-2-p-lvl-33,2025-09-18,2026-02-14,,REWARDS,expired,true,true,https://www.futbin.com/26/evolutions/82/sweeper-keeper-season-2-p-lvl-33,https://www.futbin.com/26/popular/evolutions?evo_id=82,no-popular-players,0
83,Intercept+ - Season 2 Lvl 35,,intercept-season-2-lvl-35,2025-09-18,2026-02-14,,REWARDS,expired,true,true,https://www.futbin.com/26/evolutions/83/intercept-season-2-lvl-35,https://www.futbin.com/26/popular/evolutions?evo_id=83,no-popular-players,0
84,Finesse Shot+ - Season 2 (P) Lvl 35,,finesse-shot-season-2-p-lvl-35,2025-09-18,2026-02-14,,REWARDS,expired,true,true,https://www.futbin.com/26/evolutions/84/finesse-shot-season-2-p-lvl-35,https://www.futbin.com/26/popular/evolutions?evo_id=84,no-popular-players,0
85,Spell of the Dribbler,,spell-of-the-dribbler,2025-09-18,2026-02-14,,EVOLUTIONS,expired,,true,https://www.futbin.com/26/evolutions/85/spell-of-the-dribbler,https://www.futbin.com/26/popular/evolutions?evo_id=85,no-popular-players,0
86,Saved by the Bell,,saved-by-the-bell,2025-09-18,2026-02-14,,EVOLUTIONS,expired,true,true,https://www.futbin.com/26/evolutions/86/saved-by-the-bell,https://www.futbin.com/26/popular/evolutions?evo_id=86,no-popular-players,0
87,El Capitán,,el-capitan,2025-09-18,2026-02-14,,EVOLUTIONS,expired,,true,https://www.futbin.com/26/evolutions/87/el-capitan,https://www.futbin.com/26/popular/evolutions?evo_id=87,no-popular-players,0
88,Dynamic Distributor,,dynamic-distributor,2025-09-18,2026-02-14,,EVOLUTIONS,expired,true,2,https://www.futbin.com/26/evolutions/88/dynamic-distributor,https://www.futbin.com/26/popular/evolutions?evo_id=88,no-popular-players,0
89,Defensive Shift,,defensive-shift,2025-09-18,2026-02-14,,EVOLUTIONS,expired,,2,https://www.futbin.com/26/evolutions/89/defensive-shift,https://www.futbin.com/26/popular/evolutions?evo_id=89,no-popular-players,0
90,Cornerstones,,cornerstones,2025-09-18,2026-02-14,,COSMETICS,expired,,2,https://www.futbin.com/26/evolutions/90/cornerstones,https://www.futbin.com/26/popular/evolutions?evo_id=90,no-popular-players,0
91,Incisive Pass,,incisive-pass,2025-09-18,2026-02-14,,REWARDS,expired,true,true,https://www.futbin.com/26/evolutions/91/incisive-pass,https://www.futbin.com/26/popular/evolutions?evo_id=91,no-popular-players,0
92,CDM Holding++,,cdm-holding,2025-09-18,2026-02-14,,REWARDS,expired,true,true,https://www.futbin.com/26/evolutions/92/cdm-holding,https://www.futbin.com/26/popular/evolutions?evo_id=92,no-popular-players,0
93,The Big Fella,,the-big-fella,2025-09-18,2026-02-14,,REWARDS,expired,true,true,https://www.futbin.com/26/evolutions/93/the-big-fella,https://www.futbin.com/26/popular/evolutions?evo_id=93,no-popular-players,0
94,Wing Wizards,,wing-wizards,2025-09-18,2026-02-14,,EVOLUTIONS,expired,,true,https://www.futbin.com/26/evolutions/94/wing-wizards,https://www.futbin.com/26/popular/evolutions?evo_id=94,no-popular-players,0
95,Ironclad Instincts,,ironclad-instincts,2025-09-18,2026-02-14,,EVOLUTIONS,expired,true,3,https://www.futbin.com/26/evolutions/95/ironclad-instincts,https://www.futbin.com/26/popular/evolutions?evo_id=95,no-popular-players,0
96,Footwork Mastery,,footwork-mastery,2025-09-18,2026-02-14,,EVOLUTIONS,expired,true,2,https://www.futbin.com/26/evolutions/96/footwork-mastery,https://www.futbin.com/26/popular/evolutions?evo_id=96,no-popular-players,0
97,Defender++,,defender,2025-09-18,2026-02-14,,REWARDS,expired,true,true,https://www.futbin.com/26/evolutions/97/defender,https://www.futbin.com/26/popular/evolutions?evo_id=97,no-popular-players,0
98,Long Ball Pass+,,long-ball-pass,2025-09-18,2026-02-14,,REWARDS,expired,true,true,https://www.futbin.com/26/evolutions/98/long-ball-pass,https://www.futbin.com/26/popular/evolutions?evo_id=98,no-popular-players,0
99,Poacher++,,poacher,2025-09-18,2026-02-14,,REWARDS,expired,true,true,https://www.futbin.com/26/evolutions/99/poacher,https://www.futbin.com/26/popular/evolutions?evo_id=99,no-popular-players,0
100,Press Proven,,press-proven,2025-09-18,2026-02-14,,REWARDS,expired,true,true,https://www.futbin.com/26/evolutions/100/press-proven,https://www.futbin.com/26/popular/evolutions?evo_id=100,no-popular-players,0
101,Cornerstones,,cornerstones,2025-09-18,2026-02-14,,REWARDS,expired,true,true,https://www.futbin.com/26/evolutions/101/cornerstones,https://www.futbin.com/26/popular/evolutions?evo_id=101,no-popular-players,0
102,Silver Armour,,silver-armour,2025-09-18,2026-02-14,,EVOLUTIONS,expired,,true,https://www.futbin.com/26/evolutions/102/silver-armour,https://www.futbin.com/26/popular/evolutions?evo_id=102,no-popular-players,0
103,I'll Protect You,,ill-protect-you,2025-09-18,2026-02-14,,EVOLUTIONS,expired,,true,https://www.futbin.com/26/evolutions/103/ill-protect-you,https://www.futbin.com/26/popular/evolutions?evo_id=103,no-popular-players,0
104,Festival of Football: Captains,,festival-of-football-captains,2025-09-18,2026-02-14,,REWARDS,expired,true,true,https://www.futbin.com/26/evolutions/104/festival-of-football-captains,https://www.futbin.com/26/popular/evolutions?evo_id=104,no-popular-players,0
105,Own the Ball,,own-the-ball,2025-09-18,2026-02-14,,REWARDS,expired,true,true,https://www.futbin.com/26/evolutions/105/own-the-ball,https://www.futbin.com/26/popular/evolutions?evo_id=105,no-popular-players,0
106,Dual Threat,,dual-threat,2025-09-18,2026-02-14,,EVOLUTIONS,expired,true,2,https://www.futbin.com/26/evolutions/106/dual-threat,https://www.futbin.com/26/popular/evolutions?evo_id=106,no-popular-players,0
107,FOF Captains,,fof-captains,2025-09-18,2026-02-14,,COSMETICS,expired,,2,https://www.futbin.com/26/evolutions/107/fof-captains,https://www.futbin.com/26/popular/evolutions?evo_id=107,no-popular-players,0
108,Protect the Wings,,protect-the-wings,2025-09-18,2026-02-14,,EVOLUTIONS,expired,,true,https://www.futbin.com/26/evolutions/108/protect-the-wings,https://www.futbin.com/26/popular/evolutions?evo_id=108,no-popular-players,0
109,Sideline Flyer,,sideline-flyer,2025-09-18,2026-02-14,,REWARDS,expired,true,true,https://www.futbin.com/26/evolutions/109/sideline-flyer,https://www.futbin.com/26/popular/evolutions?evo_id=109,no-popular-players,0
110,Iron Guard,,iron-guard,2025-09-18,2026-02-14,,REWARDS,expired,true,true,https://www.futbin.com/26/evolutions/110/iron-guard,https://www.futbin.com/26/popular/evolutions?evo_id=110,no-popular-players,0
111,Captain's Grit,,captains-grit,2025-09-18,2026-02-14,,EVOLUTIONS,expired,true,2,https://www.futbin.com/26/evolutions/111/captains-grit,https://www.futbin.com/26/popular/evolutions?evo_id=111,no-popular-players,0
112,PlayStyles Trifecta,,playstyles-trifecta,2025-09-18,2026-02-14,,EVOLUTIONS,expired,true,3,https://www.futbin.com/26/evolutions/112/playstyles-trifecta,https://www.futbin.com/26/popular/evolutions?evo_id=112,no-popular-players,0
113,Flying Postman,,flying-postman,2025-09-18,2026-02-14,,REWARDS,expired,true,true,https://www.futbin.com/26/evolutions/113/flying-postman,https://www.futbin.com/26/popular/evolutions?evo_id=113,no-popular-players,0
114,Welcome to UT EVO,,welcome-to-ut-evo,2025-09-18,2026-02-14,,EVOLUTIONS,expired,true,true,https://www.futbin.com/26/evolutions/114/welcome-to-ut-evo,https://www.futbin.com/26/popular/evolutions?evo_id=114,no-popular-players,0
115,Estrella de Montcada,,estrella-de-montcada,2025-09-18,2026-02-14,,EVOLUTIONS,expired,,true,https://www.futbin.com/26/evolutions/115/estrella-de-montcada,https://www.futbin.com/26/popular/evolutions?evo_id=115,no-popular-players,0
116,Tighten Up,,tighten-up,2025-09-18,2026-02-14,,EVOLUTIONS,expired,true,2,https://www.futbin.com/26/evolutions/116/tighten-up,https://www.futbin.com/26/popular/evolutions?evo_id=116,no-popular-players,0
117,Competitive Catalyst,,competitive-catalyst,2025-09-18,2026-02-14,,EVOLUTIONS,expired,,true,https://www.futbin.com/26/evolutions/117/competitive-catalyst,https://www.futbin.com/26/popular/evolutions?evo_id=117,no-popular-players,0
118,How many tricks left?,,how-many-tricks-left,2025-09-18,2026-02-14,,EVOLUTIONS,expired,true,true,https://www.futbin.com/26/evolutions/118/how-many-tricks-left,https://www.futbin.com/26/popular/evolutions?evo_id=118,no-popular-players,0
119,Finesse Shot,,finesse-shot,2025-09-18,2026-02-14,,REWARDS,expired,true,true,https://www.futbin.com/26/evolutions/119/finesse-shot,https://www.futbin.com/26/popular/evolutions?evo_id=119,no-popular-players,0
120,RW Inside Forward++,,rw-inside-forward,2025-09-18,2026-02-14,,REWARDS,expired,true,true,https://www.futbin.com/26/evolutions/120/rw-inside-forward,https://www.futbin.com/26/popular/evolutions?evo_id=120,no-popular-players,0
121,World Tour,,world-tour,2025-09-18,2026-02-14,,REWARDS,expired,true,true,https://www.futbin.com/26/evolutions/121/world-tour,https://www.futbin.com/26/popular/evolutions?evo_id=121,no-popular-players,0
122,Cornerstones,,cornerstones,2025-09-18,2026-02-14,,REWARDS,expired,true,true,https://www.futbin.com/26/evolutions/122/cornerstones,https://www.futbin.com/26/popular/evolutions?evo_id=122,no-popular-players,0
123,Positional Excellence,,positional-excellence,2025-09-18,2026-02-14,,REWARDS,expired,true,true,https://www.futbin.com/26/evolutions/123/positional-excellence,https://www.futbin.com/26/popular/evolutions?evo_id=123,no-popular-players,0
124,Bruiser+,,bruiser,2025-09-18,2026-02-14,,REWARDS,expired,true,true,https://www.futbin.com/26/evolutions/124/bruiser,https://www.futbin.com/26/popular/evolutions?evo_id=124,no-popular-players,0
125,CM Deep-Lying Playmaker++,,cm-deep-lying-playmaker,2025-09-18,2026-02-14,,REWARDS,expired,true,true,https://www.futbin.com/26/evolutions/125/cm-deep-lying-playmaker,https://www.futbin.com/26/popular/evolutions?evo_id=125,no-popular-players,0
126,No Panna,,no-panna,2025-09-18,2026-02-14,,EVOLUTIONS,expired,true,true,https://www.futbin.com/26/evolutions/126/no-panna,https://www.futbin.com/26/popular/evolutions?evo_id=126,no-popular-players,0
127,The Perfect Curl,,the-perfect-curl,2025-09-18,2026-02-14,,EVOLUTIONS,expired,true,2,https://www.futbin.com/26/evolutions/127/the-perfect-curl,https://www.futbin.com/26/popular/evolutions?evo_id=127,no-popular-players,0
128,Block+,,block,2025-09-18,2026-02-14,,REWARDS,expired,true,true,https://www.futbin.com/26/evolutions/128/block,https://www.futbin.com/26/popular/evolutions?evo_id=128,no-popular-players,0
129,Ping Pro,,ping-pro,2025-09-18,2026-02-14,,REWARDS,expired,true,true,https://www.futbin.com/26/evolutions/129/ping-pro,https://www.futbin.com/26/popular/evolutions?evo_id=129,no-popular-players,0
130,Overlapping Dynamo,,overlapping-dynamo,2025-09-18,2026-02-14,,REWARDS,expired,true,true,https://www.futbin.com/26/evolutions/130/overlapping-dynamo,https://www.futbin.com/26/popular/evolutions?evo_id=130,no-popular-players,0
131,Clinical Pivot,,clinical-pivot,2025-09-18,2026-02-14,,REWARDS,expired,true,true,https://www.futbin.com/26/evolutions/131/clinical-pivot,https://www.futbin.com/26/popular/evolutions?evo_id=131,no-popular-players,0
132,Inverted Finisher,,inverted-finisher,2025-09-18,2026-02-14,,REWARDS,expired,true,true,https://www.futbin.com/26/evolutions/132/inverted-finisher,https://www.futbin.com/26/popular/evolutions?evo_id=132,no-popular-players,0
133,CAM Classic 10++,,cam-classic-10,2025-09-18,2026-02-14,,REWARDS,expired,true,true,https://www.futbin.com/26/evolutions/133/cam-classic-10,https://www.futbin.com/26/popular/evolutions?evo_id=133,no-popular-players,0
134,Touchline Maestro,,touchline-maestro,2025-09-18,2026-02-14,,REWARDS,expired,true,true,https://www.futbin.com/26/evolutions/134/touchline-maestro,https://www.futbin.com/26/popular/evolutions?evo_id=134,no-popular-players,0
135,Il Catenaccio - Season 3 Lvl 7,,il-catenaccio-season-3-lvl-7,2025-09-18,2026-02-14,,REWARDS,expired,true,true,https://www.futbin.com/26/evolutions/135/il-catenaccio-season-3-lvl-7,https://www.futbin.com/26/popular/evolutions?evo_id=135,no-popular-players,0
136,Intercept - Season 3 Lvl 7,,intercept-season-3-lvl-7,2025-09-18,2026-02-14,,REWARDS,expired,true,true,https://www.futbin.com/26/evolutions/136/intercept-season-3-lvl-7,https://www.futbin.com/26/popular/evolutions?evo_id=136,no-popular-players,0
137,Il Divin Codino - Season 3 (P) Lvl 9,,il-divin-codino-season-3-p-lvl-9,2025-09-18,2026-02-14,,REWARDS,expired,true,true,https://www.futbin.com/26/evolutions/137/il-divin-codino-season-3-p-lvl-9,https://www.futbin.com/26/popular/evolutions?evo_id=137,no-popular-players,0
138,First Touch - Season 3 (P) Lvl 9,,first-touch-season-3-p-lvl-9,2025-09-18,2026-02-14,,REWARDS,expired,true,true,https://www.futbin.com/26/evolutions/138/first-touch-season-3-p-lvl-9,https://www.futbin.com/26/popular/evolutions?evo_id=138,no-popular-players,0
140,Enforcer - Season 3 Lvl 20,,enforcer-season-3-lvl-20,2025-09-18,2026-02-14,,REWARDS,expired,true,true,https://www.futbin.com/26/evolutions/140/enforcer-season-3-lvl-20,https://www.futbin.com/26/popular/evolutions?evo_id=140,no-popular-players,0
141,Aerial Fortress - Season 3 Lvl 20,,aerial-fortress-season-3-lvl-20,2025-09-18,2026-02-14,,REWARDS,expired,true,true,https://www.futbin.com/26/evolutions/141/aerial-fortress-season-3-lvl-20,https://www.futbin.com/26/popular/evolutions?evo_id=141,no-popular-players,0
142,CAM Roles Upgrade - Season 3 (P) Lvl 20,,cam-roles-upgrade-season-3-p-lvl-20,2025-09-18,2026-02-14,,REWARDS,expired,true,true,https://www.futbin.com/26/evolutions/142/cam-roles-upgrade-season-3-p-lvl-20,https://www.futbin.com/26/popular/evolutions?evo_id=142,no-popular-players,0
143,Incisive Pass - Season 3 (P) Lvl 23,,incisive-pass-season-3-p-lvl-23,2025-09-18,2026-02-14,,REWARDS,expired,true,true,https://www.futbin.com/26/evolutions/143/incisive-pass-season-3-p-lvl-23,https://www.futbin.com/26/popular/evolutions?evo_id=143,no-popular-players,0
144,Trickster - Season 3 (P) Lvl 23,,trickster-season-3-p-lvl-23,2025-09-18,2026-02-14,,REWARDS,expired,true,true,https://www.futbin.com/26/evolutions/144/trickster-season-3-p-lvl-23,https://www.futbin.com/26/popular/evolutions?evo_id=144,no-popular-players,0
145,LB Roles Upgrade - Season 3 Lvl 26,,lb-roles-upgrade-season-3-lvl-26,2025-09-18,2026-02-14,,REWARDS,expired,true,true,https://www.futbin.com/26/evolutions/145/lb-roles-upgrade-season-3-lvl-26,https://www.futbin.com/26/popular/evolutions?evo_id=145,no-popular-players,0
146,Relentless - Season 3 Lvl 26,,relentless-season-3-lvl-26,2025-09-18,2026-02-14,,REWARDS,expired,true,true,https://www.futbin.com/26/evolutions/146/relentless-season-3-lvl-26,https://www.futbin.com/26/popular/evolutions?evo_id=146,no-popular-players,0
147,CDM Roles Upgrade - Season 3 (P) Lvl 26,,cdm-roles-upgrade-season-3-p-lvl-26,2025-09-18,2026-02-14,,REWARDS,expired,true,true,https://www.futbin.com/26/evolutions/147/cdm-roles-upgrade-season-3-p-lvl-26,https://www.futbin.com/26/popular/evolutions?evo_id=147,no-popular-players,0
148,CM Roles Upgrade - Season 3 (P) Lvl 26,,cm-roles-upgrade-season-3-p-lvl-26,2025-09-18,2026-02-14,,REWARDS,expired,true,true,https://www.futbin.com/26/evolutions/148/cm-roles-upgrade-season-3-p-lvl-26,https://www.futbin.com/26/popular/evolutions?evo_id=148,no-popular-players,0
149,Jockey+ - Season 3 lvl 35,,jockey-season-3-lvl-35,2025-09-18,2026-02-14,,REWARDS,expired,true,true,https://www.futbin.com/26/evolutions/149/jockey-season-3-lvl-35,https://www.futbin.com/26/popular/evolutions?evo_id=149,no-popular-players,0
150,Low Driven Shot+ - Season 3 (P) lvl 35,,low-driven-shot-season-3-p-lvl-35,2025-09-18,2026-02-14,,REWARDS,expired,true,true,https://www.futbin.com/26/evolutions/150/low-driven-shot-season-3-p-lvl-35,https://www.futbin.com/26/popular/evolutions?evo_id=150,no-popular-players,0
151,Perfectionist - Season 3 (P) lvl 33,,perfectionist-season-3-p-lvl-33,2025-09-18,2026-02-14,,REWARDS,expired,true,true,https://www.futbin.com/26/evolutions/151/perfectionist-season-3-p-lvl-33,https://www.futbin.com/26/popular/evolutions?evo_id=151,no-popular-players,0
152,Speed Surge,,speed-surge,2025-09-18,2026-02-14,,FLASH,expired,true,true,https://www.futbin.com/26/evolutions/152/speed-surge,https://www.futbin.com/26/popular/evolutions?evo_id=152,no-popular-players,0
153,Hit the Weights,,hit-the-weights,2025-09-18,2026-02-14,,FLASH,expired,true,true,https://www.futbin.com/26/evolutions/153/hit-the-weights,https://www.futbin.com/26/popular/evolutions?evo_id=153,no-popular-players,0
154,Locked In,,locked-in,2025-09-18,2026-02-14,,FLASH,expired,true,true,https://www.futbin.com/26/evolutions/154/locked-in,https://www.futbin.com/26/popular/evolutions?evo_id=154,no-popular-players,0
155,Target Practice,,target-practice,2025-09-18,2026-02-14,,FLASH,expired,true,true,https://www.futbin.com/26/evolutions/155/target-practice,https://www.futbin.com/26/popular/evolutions?evo_id=155,no-popular-players,0
156,Ball Movement,,ball-movement,2025-09-18,2026-02-14,,FLASH,expired,true,true,https://www.futbin.com/26/evolutions/156/ball-movement,https://www.futbin.com/26/popular/evolutions?evo_id=156,no-popular-players,0
157,Elite Control,,elite-control,2025-09-18,2026-02-14,,FLASH,expired,true,true,https://www.futbin.com/26/evolutions/157/elite-control,https://www.futbin.com/26/popular/evolutions?evo_id=157,no-popular-players,0
158,Song of Touré,,song-of-toure,2025-09-18,2026-02-14,,EVOLUTIONS,expired,,true,https://www.futbin.com/26/evolutions/158/song-of-toure,https://www.futbin.com/26/popular/evolutions?evo_id=158,no-popular-players,0
159,Intercept+,,intercept,2025-09-18,2026-02-14,,REWARDS,expired,true,true,https://www.futbin.com/26/evolutions/159/intercept,https://www.futbin.com/26/popular/evolutions?evo_id=159,no-popular-players,0
160,WF + SM Upgrade,,wf--sm-upgrade,2025-09-18,2026-02-14,,EVOLUTIONS,expired,true,3,https://www.futbin.com/26/evolutions/160/wf--sm-upgrade,https://www.futbin.com/26/popular/evolutions?evo_id=160,no-popular-players,0
161,Thunderstruck,,thunderstruck,2025-09-18,2026-02-14,,COSMETICS,expired,,2,https://www.futbin.com/26/evolutions/161/thunderstruck,https://www.futbin.com/26/popular/evolutions?evo_id=161,no-popular-players,0
162,Magician of the Right,,magician-of-the-right,2025-09-18,2026-02-14,,EVOLUTIONS,expired,,true,https://www.futbin.com/26/evolutions/162/magician-of-the-right,https://www.futbin.com/26/popular/evolutions?evo_id=162,no-popular-players,0
163,Between the Sticks,,between-the-sticks,2025-09-18,2026-02-14,,EVOLUTIONS,expired,true,4,https://www.futbin.com/26/evolutions/163/between-the-sticks,https://www.futbin.com/26/popular/evolutions?evo_id=163,no-popular-players,0
164,Bend it Like,,bend-it-like,2025-09-18,2026-02-14,,REWARDS,expired,true,true,https://www.futbin.com/26/evolutions/164/bend-it-like,https://www.futbin.com/26/popular/evolutions?evo_id=164,no-popular-players,0
165,Airborne,,airborne,2025-09-18,2026-02-14,,EVOLUTIONS,expired,true,2,https://www.futbin.com/26/evolutions/165/airborne,https://www.futbin.com/26/popular/evolutions?evo_id=165,no-popular-players,0
166,The Wizard,,the-wizard,2025-09-18,2026-02-14,,EVOLUTIONS,expired,,true,https://www.futbin.com/26/evolutions/166/the-wizard,https://www.futbin.com/26/popular/evolutions?evo_id=166,no-popular-players,0
167,Tricks and Flicks,,tricks-and-flicks,2025-09-18,2026-02-14,,EVOLUTIONS,expired,true,true,https://www.futbin.com/26/evolutions/167/tricks-and-flicks,https://www.futbin.com/26/popular/evolutions?evo_id=167,no-popular-players,0
168,Chance Creator,,chance-creator,2025-09-18,2026-02-14,,EVOLUTIONS,expired,,true,https://www.futbin.com/26/evolutions/168/chance-creator,https://www.futbin.com/26/popular/evolutions?evo_id=168,no-popular-players,0
169,Joga Bonito,,joga-bonito,2025-09-18,2026-02-14,,COSMETICS,expired,,2,https://www.futbin.com/26/evolutions/169/joga-bonito,https://www.futbin.com/26/popular/evolutions?evo_id=169,no-popular-players,0
170,Skill Moves Master,,skill-moves-master,2025-09-18,2026-02-14,,REWARDS,expired,true,true,https://www.futbin.com/26/evolutions/170/skill-moves-master,https://www.futbin.com/26/popular/evolutions?evo_id=170,no-popular-players,0
171,Silver Skiller,,silver-skiller,2025-09-18,2026-02-14,,EVOLUTIONS,expired,true,true,https://www.futbin.com/26/evolutions/171/silver-skiller,https://www.futbin.com/26/popular/evolutions?evo_id=171,no-popular-players,0
172,Brazil Silver Skiller,,brazil-silver-skiller,2025-09-18,2026-02-14,,REWARDS,expired,true,true,https://www.futbin.com/26/evolutions/172/brazil-silver-skiller,https://www.futbin.com/26/popular/evolutions?evo_id=172,no-popular-players,0
173,Shadow Striker++,,shadow-striker,2025-09-18,2026-02-14,,REWARDS,expired,true,true,https://www.futbin.com/26/evolutions/173/shadow-striker,https://www.futbin.com/26/popular/evolutions?evo_id=173,no-popular-players,0
174,Positional Excellence,,positional-excellence,2025-09-18,2026-02-14,,REWARDS,expired,true,true,https://www.futbin.com/26/evolutions/174/positional-excellence,https://www.futbin.com/26/popular/evolutions?evo_id=174,no-popular-players,0
175,First Touch+,,first-touch,2025-09-18,2026-02-14,,REWARDS,expired,true,true,https://www.futbin.com/26/evolutions/175/first-touch,https://www.futbin.com/26/popular/evolutions?evo_id=175,no-popular-players,0
176,The Controller,,the-controller,2025-09-18,2026-02-14,,EVOLUTIONS,expired,,true,https://www.futbin.com/26/evolutions/176/the-controller,https://www.futbin.com/26/popular/evolutions?evo_id=176,no-popular-players,0
177,Keep Composed,,keep-composed,2025-09-18,2026-02-14,,EVOLUTIONS,expired,,true,https://www.futbin.com/26/evolutions/177/keep-composed,https://www.futbin.com/26/popular/evolutions?evo_id=177,no-popular-players,0
178,Shots Fired,,shots-fired,2025-09-18,2026-02-14,,EVOLUTIONS,expired,true,2,https://www.futbin.com/26/evolutions/178/shots-fired,https://www.futbin.com/26/popular/evolutions?evo_id=178,no-popular-players,0
179,Wake Up,,wake-up,2025-09-18,2026-02-14,,EVOLUTIONS,expired,,2,https://www.futbin.com/26/evolutions/179/wake-up,https://www.futbin.com/26/popular/evolutions?evo_id=179,no-popular-players,0
180,The Little Magician,,the-little-magician,2025-09-18,2026-02-14,,EVOLUTIONS,expired,,true,https://www.futbin.com/26/evolutions/180/the-little-magician,https://www.futbin.com/26/popular/evolutions?evo_id=180,no-popular-players,0
181,Athlete Lab,,athlete-lab,2025-09-18,2026-02-14,,EVOLUTIONS,expired,true,2,https://www.futbin.com/26/evolutions/181/athlete-lab,https://www.futbin.com/26/popular/evolutions?evo_id=181,no-popular-players,0
182,Cornerstones,,cornerstones,2025-09-18,2026-02-14,,COSMETICS,expired,,2,https://www.futbin.com/26/evolutions/182/cornerstones,https://www.futbin.com/26/popular/evolutions?evo_id=182,no-popular-players,0
183,FOF: Captains,,fof-captains,2025-09-18,2026-02-14,,COSMETICS,expired,,2,https://www.futbin.com/26/evolutions/183/fof-captains,https://www.futbin.com/26/popular/evolutions?evo_id=183,no-popular-players,0
184,Brute Finisher,,brute-finisher,2025-09-18,2026-02-14,,REWARDS,expired,true,true,https://www.futbin.com/26/evolutions/184/brute-finisher,https://www.futbin.com/26/popular/evolutions?evo_id=184,no-popular-players,0
185,Pumping Iron,,pumping-iron,2025-09-18,2026-02-14,,REWARDS,expired,true,true,https://www.futbin.com/26/evolutions/185/pumping-iron,https://www.futbin.com/26/popular/evolutions?evo_id=185,no-popular-players,0
186,Fast Feet,,fast-feet,2025-09-18,2026-02-14,,REWARDS,expired,true,true,https://www.futbin.com/26/evolutions/186/fast-feet,https://www.futbin.com/26/popular/evolutions?evo_id=186,no-popular-players,0
187,"Work hard, Pass Hard",,work-hard-pass-hard,2025-09-18,2026-02-14,,REWARDS,expired,true,true,https://www.futbin.com/26/evolutions/187/work-hard-pass-hard,https://www.futbin.com/26/popular/evolutions?evo_id=187,no-popular-players,0
188,Keep Good Kompany,,keep-good-kompany,2025-09-18,2026-02-14,,EVOLUTIONS,expired,true,true,https://www.futbin.com/26/evolutions/188/keep-good-kompany,https://www.futbin.com/26/popular/evolutions?evo_id=188,no-popular-players,0
189,Enforcer,,enforcer,2025-09-18,2026-02-14,,REWARDS,expired,true,true,https://www.futbin.com/26/evolutions/189/enforcer,https://www.futbin.com/26/popular/evolutions?evo_id=189,no-popular-players,0
190,Technical+,,technical,2025-09-18,2026-02-14,,REWARDS,expired,true,true,https://www.futbin.com/26/evolutions/190/technical,https://www.futbin.com/26/popular/evolutions?evo_id=190,no-popular-players,0
191,Advanced Forward++,,advanced-forward,2025-09-18,2026-02-14,,REWARDS,expired,true,true,https://www.futbin.com/26/evolutions/191/advanced-forward,https://www.futbin.com/26/popular/evolutions?evo_id=191,no-popular-players,0
192,Sticky Shoes,,sticky-shoes,2025-09-18,2026-02-14,,REWARDS,expired,true,true,https://www.futbin.com/26/evolutions/192/sticky-shoes,https://www.futbin.com/26/popular/evolutions?evo_id=192,no-popular-players,0
193,Package Delivery,,package-delivery,2025-09-18,2026-02-14,,EVOLUTIONS,expired,true,2,https://www.futbin.com/26/evolutions/193/package-delivery,https://www.futbin.com/26/popular/evolutions?evo_id=193,no-popular-players,0
194,The Bandit,,the-bandit,2025-09-18,2026-02-14,,EVOLUTIONS,expired,,2,https://www.futbin.com/26/evolutions/194/the-bandit,https://www.futbin.com/26/popular/evolutions?evo_id=194,no-popular-players,0
195,Thunder It In,,thunder-it-in,2025-09-18,2026-02-14,,EVOLUTIONS,expired,true,2,https://www.futbin.com/26/evolutions/195/thunder-it-in,https://www.futbin.com/26/popular/evolutions?evo_id=195,no-popular-players,0
196,Left Sided Attacker,,left-sided-attacker,2025-09-18,2026-02-14,,EVOLUTIONS,expired,true,true,https://www.futbin.com/26/evolutions/196/left-sided-attacker,https://www.futbin.com/26/popular/evolutions?evo_id=196,no-popular-players,0
197,Right Sided Attacker,,right-sided-attacker,2025-09-18,2026-02-14,,EVOLUTIONS,expired,true,true,https://www.futbin.com/26/evolutions/197/right-sided-attacker,https://www.futbin.com/26/popular/evolutions?evo_id=197,no-popular-players,0
198,Frostbite Finisher,,frostbite-finisher,2025-09-18,2026-02-14,,EVOLUTIONS,expired,,true,https://www.futbin.com/26/evolutions/198/frostbite-finisher,https://www.futbin.com/26/popular/evolutions?evo_id=198,no-popular-players,0
199,GK Roles++,,gk-roles,2025-09-18,2026-02-14,,ROLES,expired,,3,https://www.futbin.com/26/evolutions/199/gk-roles,https://www.futbin.com/26/popular/evolutions?evo_id=199,no-popular-players,0
200,LB Roles++,,lb-roles,2025-09-18,2026-02-14,,ROLES,expired,,3,https://www.futbin.com/26/evolutions/200/lb-roles,https://www.futbin.com/26/popular/evolutions?evo_id=200,no-popular-players,0
201,RB Roles++,,rb-roles,2025-09-18,2026-02-14,,ROLES,expired,,3,https://www.futbin.com/26/evolutions/201/rb-roles,https://www.futbin.com/26/popular/evolutions?evo_id=201,no-popular-players,0
202,CB Roles++,,cb-roles,2025-09-18,2026-02-14,,ROLES,expired,,3,https://www.futbin.com/26/evolutions/202/cb-roles,https://www.futbin.com/26/popular/evolutions?evo_id=202,no-popular-players,0
203,CDM Roles++,,cdm-roles,2025-09-18,2026-02-14,,ROLES,expired,,3,https://www.futbin.com/26/evolutions/203/cdm-roles,https://www.futbin.com/26/popular/evolutions?evo_id=203,no-popular-players,0
204,Winter Wildcards Red Icon,,winter-wildcards-red-icon,2025-09-18,2026-02-14,,COSMETICS,expired,,2,https://www.futbin.com/26/evolutions/204/winter-wildcards-red-icon,https://www.futbin.com/26/popular/evolutions?evo_id=204,no-popular-players,0
205,Left Protector,,left-protector,2025-09-18,2026-02-14,,REWARDS,expired,true,true,https://www.futbin.com/26/evolutions/205/left-protector,https://www.futbin.com/26/popular/evolutions?evo_id=205,no-popular-players,0
206,RW Winger++,,rw-winger,2025-09-18,2026-02-14,,REWARDS,expired,true,true,https://www.futbin.com/26/evolutions/206/rw-winger,https://www.futbin.com/26/popular/evolutions?evo_id=206,no-popular-players,0
207,Enforcer,,enforcer,2025-09-18,2026-02-14,,REWARDS,expired,true,true,https://www.futbin.com/26/evolutions/207/enforcer,https://www.futbin.com/26/popular/evolutions?evo_id=207,no-popular-players,0
208,Technical+,,technical,2025-09-18,2026-02-14,,REWARDS,expired,true,true,https://www.futbin.com/26/evolutions/208/technical,https://www.futbin.com/26/popular/evolutions?evo_id=208,no-popular-players,0
209,Passing Perfectionist,,passing-perfectionist,2025-09-18,2026-02-14,,EVOLUTIONS,expired,,2,https://www.futbin.com/26/evolutions/209/passing-perfectionist,https://www.futbin.com/26/popular/evolutions?evo_id=209,no-popular-players,0
210,Stay Frosty,,stay-frosty,2025-09-18,2026-02-14,,EVOLUTIONS,expired,true,2,https://www.futbin.com/26/evolutions/210/stay-frosty,https://www.futbin.com/26/popular/evolutions?evo_id=210,no-popular-players,0
211,Chilling Wingback,,chilling-wingback,2025-09-18,2026-02-14,,EVOLUTIONS,expired,,true,https://www.futbin.com/26/evolutions/211/chilling-wingback,https://www.futbin.com/26/popular/evolutions?evo_id=211,no-popular-players,0
212,CDM Holding++,,cdm-holding,2025-09-18,2026-02-14,,REWARDS,expired,true,true,https://www.futbin.com/26/evolutions/212/cdm-holding,https://www.futbin.com/26/popular/evolutions?evo_id=212,no-popular-players,0
213,Relentless+,,relentless,2025-09-18,2026-02-14,,REWARDS,expired,true,true,https://www.futbin.com/26/evolutions/213/relentless,https://www.futbin.com/26/popular/evolutions?evo_id=213,no-popular-players,0
214,Attacking Freeze,,attacking-freeze,2025-09-18,2026-02-14,,EVOLUTIONS,expired,true,2,https://www.futbin.com/26/evolutions/214/attacking-freeze,https://www.futbin.com/26/popular/evolutions?evo_id=214,no-popular-players,0
215,Icy Precision,,icy-precision,2025-09-18,2026-02-14,,EVOLUTIONS,expired,true,2,https://www.futbin.com/26/evolutions/215/icy-precision,https://www.futbin.com/26/popular/evolutions?evo_id=215,no-popular-players,0
221,Architect,,architect,2025-09-18,2026-02-14,,REWARDS,expired,true,true,https://www.futbin.com/26/evolutions/221/architect,https://www.futbin.com/26/popular/evolutions?evo_id=221,no-popular-players,0
228,Read and React - Season 4 (p) Lvl 10,,read-and-react-season-4-p-lvl-10,2025-09-18,2026-02-14,,REWARDS,expired,true,2,https://www.futbin.com/26/evolutions/228/read-and-react-season-4-p-lvl-10,https://www.futbin.com/26/popular/evolutions?evo_id=228,no-popular-players,0
229,Brute Defense - Season 4 Lvl 20,,brute-defense-season-4-lvl-20,2025-09-18,2026-02-14,,REWARDS,expired,true,2,https://www.futbin.com/26/evolutions/229/brute-defense-season-4-lvl-20,https://www.futbin.com/26/popular/evolutions?evo_id=229,no-popular-players,0
230,Proper Passer,,proper-passer,2025-09-18,2026-02-14,,REWARDS,expired,true,2,https://www.futbin.com/26/evolutions/230/proper-passer,https://www.futbin.com/26/popular/evolutions?evo_id=230,no-popular-players,0
231,Grasscutter - Season 4 (p) Lvl 20,,grasscutter-season-4-p-lvl-20,2025-09-18,2026-02-14,,REWARDS,expired,true,true,https://www.futbin.com/26/evolutions/231/grasscutter-season-4-p-lvl-20,https://www.futbin.com/26/popular/evolutions?evo_id=231,no-popular-players,0
232,Right Side Trickster - Season 4 Lvl 26,,right-side-trickster-season-4-lvl-26,2025-09-18,2026-02-14,,REWARDS,expired,true,true,https://www.futbin.com/26/evolutions/232/right-side-trickster-season-4-lvl-26,https://www.futbin.com/26/popular/evolutions?evo_id=232,no-popular-players,0
236,Left Side Trickster - Season 4 Lvl 26,,left-side-trickster-season-4-lvl-26,2025-09-18,2026-02-14,,REWARDS,expired,true,true,https://www.futbin.com/26/evolutions/236/left-side-trickster-season-4-lvl-26,https://www.futbin.com/26/popular/evolutions?evo_id=236,no-popular-players,0
237,RW Roles++ - Season 4 (p) Lvl 26,,rw-roles-season-4-p-lvl-26,2025-09-18,2026-02-14,,REWARDS,expired,true,true,https://www.futbin.com/26/evolutions/237/rw-roles-season-4-p-lvl-26,https://www.futbin.com/26/popular/evolutions?evo_id=237,no-popular-players,0
238,LW Roles++ - Season 4 (p) Lvl 26,,lw-roles-season-4-p-lvl-26,2025-09-18,2026-02-14,,REWARDS,expired,true,true,https://www.futbin.com/26/evolutions/238/lw-roles-season-4-p-lvl-26,https://www.futbin.com/26/popular/evolutions?evo_id=238,no-popular-players,0
242,Technical+,,technical,2025-09-18,2026-02-14,,REWARDS,expired,true,true,https://www.futbin.com/26/evolutions/242/technical,https://www.futbin.com/26/popular/evolutions?evo_id=242,no-popular-players,0
243,Get a Move On! Season 4 (p) Lvl 34,,get-a-move-on-season-4-p-lvl-34,2025-09-18,2026-02-14,,REWARDS,expired,true,true,https://www.futbin.com/26/evolutions/243/get-a-move-on-season-4-p-lvl-34,https://www.futbin.com/26/popular/evolutions?evo_id=243,no-popular-players,0
244,Finesse Shot+ - Season 4 (p) Lvl 36,,finesse-shot-season-4-p-lvl-36,2025-09-18,2026-02-14,,REWARDS,expired,true,true,https://www.futbin.com/26/evolutions/244/finesse-shot-season-4-p-lvl-36,https://www.futbin.com/26/popular/evolutions?evo_id=244,no-popular-players,0
245,Snow Shadow,,snow-shadow,2025-09-18,2026-02-14,,EVOLUTIONS,expired,,true,https://www.futbin.com/26/evolutions/245/snow-shadow,https://www.futbin.com/26/popular/evolutions?evo_id=245,no-popular-players,0
246,Ball on a string - Season 4 (p) Lvl 33,,ball-on-a-string-season-4-p-lvl-33,2025-09-18,2026-02-14,,REWARDS,expired,true,true,https://www.futbin.com/26/evolutions/246/ball-on-a-string-season-4-p-lvl-33,https://www.futbin.com/26/popular/evolutions?evo_id=246,no-popular-players,0
247,Stopped in its Tracks - Season 4 (p) Lvl 23,,stopped-in-its-tracks-season-4-p-lvl-23,2025-09-18,2026-02-14,,REWARDS,expired,true,true,https://www.futbin.com/26/evolutions/247/stopped-in-its-tracks-season-4-p-lvl-23,https://www.futbin.com/26/popular/evolutions?evo_id=247,no-popular-players,0
248,Winter Wall,,winter-wall,2025-09-18,2026-02-14,,EVOLUTIONS,expired,,true,https://www.futbin.com/26/evolutions/248/winter-wall,https://www.futbin.com/26/popular/evolutions?evo_id=248,no-popular-players,0
249,CM Roles++,,cm-roles,2025-09-18,2026-02-14,,ROLES,expired,,3,https://www.futbin.com/26/evolutions/249/cm-roles,https://www.futbin.com/26/popular/evolutions?evo_id=249,no-popular-players,0
250,CAM Roles++,,cam-roles,2025-09-18,2026-02-14,,ROLES,expired,,3,https://www.futbin.com/26/evolutions/250/cam-roles,https://www.futbin.com/26/popular/evolutions?evo_id=250,no-popular-players,0
251,LW Roles++,,lw-roles,2025-09-18,2026-02-14,,ROLES,expired,,3,https://www.futbin.com/26/evolutions/251/lw-roles,https://www.futbin.com/26/popular/evolutions?evo_id=251,no-popular-players,0
252,RW Roles++,,rw-roles,2025-09-18,2026-02-14,,ROLES,expired,,3,https://www.futbin.com/26/evolutions/252/rw-roles,https://www.futbin.com/26/popular/evolutions?evo_id=252,no-popular-players,0
253,ST Roles++,,st-roles,2025-09-18,2026-02-14,,ROLES,expired,,3,https://www.futbin.com/26/evolutions/253/st-roles,https://www.futbin.com/26/popular/evolutions?evo_id=253,no-popular-players,0
254,Frosty Dribbler,,frosty-dribbler,2025-09-18,2026-02-14,,EVOLUTIONS,expired,,2,https://www.futbin.com/26/evolutions/254/frosty-dribbler,https://www.futbin.com/26/popular/evolutions?evo_id=254,no-popular-players,0
255,Leading the Line,,leading-the-line,2025-09-18,2026-02-14,,EVOLUTIONS,expired,true,true,https://www.futbin.com/26/evolutions/255/leading-the-line,https://www.futbin.com/26/popular/evolutions?evo_id=255,no-popular-players,0
256,Glacial Creator,,glacial-creator,2025-09-18,2026-02-14,,EVOLUTIONS,expired,,true,https://www.futbin.com/26/evolutions/256/glacial-creator,https://www.futbin.com/26/popular/evolutions?evo_id=256,no-popular-players,0
257,Balancing Act,,balancing-act,2025-09-18,2026-02-14,,EVOLUTIONS,expired,true,30,https://www.futbin.com/26/evolutions/257/balancing-act,https://www.futbin.com/26/popular/evolutions?evo_id=257,no-popular-players,0
258,I Can See You,,i-can-see-you,2025-09-18,2026-02-14,,EVOLUTIONS,expired,true,30,https://www.futbin.com/26/evolutions/258/i-can-see-you,https://www.futbin.com/26/popular/evolutions?evo_id=258,no-popular-players,0
259,New Year Overdrive,,new-year-overdrive,2025-09-18,2026-02-14,,EVOLUTIONS,expired,true,true,https://www.futbin.com/26/evolutions/259/new-year-overdrive,https://www.futbin.com/26/popular/evolutions?evo_id=259,no-popular-players,0
260,Plenty of time Left,,plenty-of-time-left,2025-09-18,2026-02-14,,EVOLUTIONS,expired,,true,https://www.futbin.com/26/evolutions/260/plenty-of-time-left,https://www.futbin.com/26/popular/evolutions?evo_id=260,no-popular-players,0
261,Fresh Legs,,fresh-legs,2025-09-18,2026-02-14,,EVOLUTIONS,expired,,4,https://www.futbin.com/26/evolutions/261/fresh-legs,https://www.futbin.com/26/popular/evolutions?evo_id=261,no-popular-players,0
262,Time Warp,,time-warp,2025-09-18,2026-02-14,,COSMETICS,expired,,2,https://www.futbin.com/26/evolutions/262/time-warp,https://www.futbin.com/26/popular/evolutions?evo_id=262,no-popular-players,0
263,Silver Passer,,silver-passer,2025-09-18,2026-02-14,,REWARDS,expired,true,true,https://www.futbin.com/26/evolutions/263/silver-passer,https://www.futbin.com/26/popular/evolutions?evo_id=263,no-popular-players,0
264,Peak Endurance,,peak-endurance,2025-09-18,2026-02-14,,EVOLUTIONS,expired,true,41,https://www.futbin.com/26/evolutions/264/peak-endurance,https://www.futbin.com/26/popular/evolutions?evo_id=264,no-popular-players,0
265,Timeless Talent,,timeless-talent,2025-09-18,2026-02-14,,REWARDS,expired,true,true,https://www.futbin.com/26/evolutions/265/timeless-talent,https://www.futbin.com/26/popular/evolutions?evo_id=265,no-popular-players,0
266,Progressing Along,,progressing-along,2025-09-18,2026-02-14,,EVOLUTIONS,expired,true,true,https://www.futbin.com/26/evolutions/266/progressing-along,https://www.futbin.com/26/popular/evolutions?evo_id=266,no-popular-players,0
267,Time Traveler,,time-traveler,2025-09-18,2026-02-14,,TRAINING CAMP,expired,,true,https://www.futbin.com/26/evolutions/267/time-traveler,https://www.futbin.com/26/popular/evolutions?evo_id=267,no-popular-players,0
271,Out Wide,,out-wide,2025-09-18,2026-02-14,,REWARDS,expired,true,true,https://www.futbin.com/26/evolutions/271/out-wide,https://www.futbin.com/26/popular/evolutions?evo_id=271,no-popular-players,0
272,Fountain of Youth,,fountain-of-youth,2025-09-18,2026-02-14,,EVOLUTIONS,expired,true,2,https://www.futbin.com/26/evolutions/272/fountain-of-youth,https://www.futbin.com/26/popular/evolutions?evo_id=272,no-popular-players,0
273,Helping Hand,,helping-hand,2025-09-18,2026-02-14,,EVOLUTIONS,expired,true,2,https://www.futbin.com/26/evolutions/273/helping-hand,https://www.futbin.com/26/popular/evolutions?evo_id=273,no-popular-players,0
274,Net Results,,net-results,2025-09-18,2026-02-14,,EVOLUTIONS,expired,true,true,https://www.futbin.com/26/evolutions/274/net-results,https://www.futbin.com/26/popular/evolutions?evo_id=274,no-popular-players,0
275,Time Warp Icon,,time-warp-icon,2025-09-18,2026-02-14,,COSMETICS,expired,,2,https://www.futbin.com/26/evolutions/275/time-warp-icon,https://www.futbin.com/26/popular/evolutions?evo_id=275,no-popular-players,0
276,Just Passing By,,just-passing-by,2025-09-18,2026-02-14,,EVOLUTIONS,expired,true,2,https://www.futbin.com/26/evolutions/276/just-passing-by,https://www.futbin.com/26/popular/evolutions?evo_id=276,no-popular-players,0
277,Warming Up,,warming-up,2025-09-18,2026-02-14,,EVOLUTIONS,expired,,2,https://www.futbin.com/26/evolutions/277/warming-up,https://www.futbin.com/26/popular/evolutions?evo_id=277,no-popular-players,0
278,Jockey,,jockey,2025-09-18,2026-02-14,,REWARDS,expired,true,true,https://www.futbin.com/26/evolutions/278/jockey,https://www.futbin.com/26/popular/evolutions?evo_id=278,no-popular-players,0
279,Intercept,,intercept,2025-09-18,2026-02-14,,REWARDS,expired,true,true,https://www.futbin.com/26/evolutions/279/intercept,https://www.futbin.com/26/popular/evolutions?evo_id=279,no-popular-players,0
280,Deflector+,,deflector,2025-09-18,2026-02-14,,REWARDS,expired,true,true,https://www.futbin.com/26/evolutions/280/deflector,https://www.futbin.com/26/popular/evolutions?evo_id=280,no-popular-players,0
284,Pinged and Incisive Pass,,pinged-and-incisive-pass,2025-09-18,2026-02-14,,REWARDS,expired,true,true,https://www.futbin.com/26/evolutions/284/pinged-and-incisive-pass,https://www.futbin.com/26/popular/evolutions?evo_id=284,no-popular-players,0
285,Repair Time,,repair-time,2025-09-18,2026-02-14,,EVOLUTIONS,expired,true,31,https://www.futbin.com/26/evolutions/285/repair-time,https://www.futbin.com/26/popular/evolutions?evo_id=285,no-popular-players,0
286,The Wizard,,the-wizard,2025-09-18,2026-02-14,,REWARDS,active,,true,https://www.futbin.com/26/evolutions/286/the-wizard,https://www.futbin.com/26/popular/evolutions?evo_id=286,no-popular-players,0
290,Gamechanger,,gamechanger,2025-09-18,2026-02-14,,REWARDS,expired,true,true,https://www.futbin.com/26/evolutions/290/gamechanger,https://www.futbin.com/26/popular/evolutions?evo_id=290,no-popular-players,0
291,Low Driven Shot,,low-driven-shot,2025-09-18,2026-02-14,,REWARDS,expired,true,true,https://www.futbin.com/26/evolutions/291/low-driven-shot,https://www.futbin.com/26/popular/evolutions?evo_id=291,no-popular-players,0
292,New Boots,,new-boots,2025-09-18,2026-02-14,,EVOLUTIONS,expired,true,2,https://www.futbin.com/26/evolutions/292/new-boots,https://www.futbin.com/26/popular/evolutions?evo_id=292,no-popular-players,0
293,Build your TOTY HM EVO,,build-your-toty-hm-evo,2025-09-18,2026-02-14,,BUILD YOUR TOTY HM,expired,true,true,https://www.futbin.com/26/evolutions/293/build-your-toty-hm-evo,https://www.futbin.com/26/popular/evolutions?evo_id=293,no-popular-players,0
294,TOTY HM CM Builder,,toty-hm-cm-builder,2025-09-18,2026-02-14,,BUILD YOUR TOTY HM,expired,true,true,https://www.futbin.com/26/evolutions/294/toty-hm-cm-builder,https://www.futbin.com/26/popular/evolutions?evo_id=294,no-popular-players,0
295,TOTY HM CDM Builder,,toty-hm-cdm-builder,2025-09-18,2026-02-14,,BUILD YOUR TOTY HM,expired,true,true,https://www.futbin.com/26/evolutions/295/toty-hm-cdm-builder,https://www.futbin.com/26/popular/evolutions?evo_id=295,no-popular-players,0
296,TOTY HM CAM Builder,,toty-hm-cam-builder,2025-09-18,2026-02-14,,BUILD YOUR TOTY HM,expired,true,true,https://www.futbin.com/26/evolutions/296/toty-hm-cam-builder,https://www.futbin.com/26/popular/evolutions?evo_id=296,no-popular-players,0
298,Quick Step,,quick-step,2025-09-18,2026-02-14,,REWARDS,expired,true,true,https://www.futbin.com/26/evolutions/298/quick-step,https://www.futbin.com/26/popular/evolutions?evo_id=298,no-popular-players,0
299,Positional Excellence,,positional-excellence,2025-09-18,2026-02-14,,REWARDS,expired,true,true,https://www.futbin.com/26/evolutions/299/positional-excellence,https://www.futbin.com/26/popular/evolutions?evo_id=299,no-popular-players,0
300,CB to CDM,,cb-to-cdm,2025-09-18,2026-02-14,,REWARDS,expired,true,true,https://www.futbin.com/26/evolutions/300/cb-to-cdm,https://www.futbin.com/26/popular/evolutions?evo_id=300,no-popular-players,0
301,LM/RM to CM,,lmrm-to-cm,2025-09-18,2026-02-14,,REWARDS,expired,true,true,https://www.futbin.com/26/evolutions/301/lmrm-to-cm,https://www.futbin.com/26/popular/evolutions?evo_id=301,no-popular-players,0
302,ST to CAM,,st-to-cam,2025-09-18,2026-02-14,,REWARDS,expired,true,true,https://www.futbin.com/26/evolutions/302/st-to-cam,https://www.futbin.com/26/popular/evolutions?evo_id=302,no-popular-players,0
303,Strike like Kylian,,strike-like-kylian,2025-09-18,2026-02-14,,EVOLUTIONS,expired,,true,https://www.futbin.com/26/evolutions/303/strike-like-kylian,https://www.futbin.com/26/popular/evolutions?evo_id=303,no-popular-players,0
304,Give & Go,,give--go,2025-09-18,2026-02-14,,EVOLUTIONS,expired,true,2,https://www.futbin.com/26/evolutions/304/give--go,https://www.futbin.com/26/popular/evolutions?evo_id=304,no-popular-players,0
305,CB Roles++ & Intercept,,cb-roles--intercept,2025-09-18,2026-02-14,,REWARDS,expired,true,true,https://www.futbin.com/26/evolutions/305/cb-roles--intercept,https://www.futbin.com/26/popular/evolutions?evo_id=305,no-popular-players,0
306,Tiki Taka+,,tiki-taka,2025-09-18,2026-02-14,,REWARDS,expired,true,true,https://www.futbin.com/26/evolutions/306/tiki-taka,https://www.futbin.com/26/popular/evolutions?evo_id=306,no-popular-players,0
307,Second Wind,,second-wind,2025-09-18,2026-02-14,,REWARDS,expired,true,true,https://www.futbin.com/26/evolutions/307/second-wind,https://www.futbin.com/26/popular/evolutions?evo_id=307,no-popular-players,0
308,Defensive Instincts,,defensive-instincts,2025-09-18,2026-02-14,,REWARDS,expired,true,true,https://www.futbin.com/26/evolutions/308/defensive-instincts,https://www.futbin.com/26/popular/evolutions?evo_id=308,no-popular-players,0
309,Royal Winger,,royal-winger,2025-09-18,2026-02-14,,EVOLUTIONS,expired,,true,https://www.futbin.com/26/evolutions/309/royal-winger,https://www.futbin.com/26/popular/evolutions?evo_id=309,no-popular-players,0
310,Far Reach,,far-reach,2025-09-18,2026-02-14,,REWARDS,expired,true,true,https://www.futbin.com/26/evolutions/310/far-reach,https://www.futbin.com/26/popular/evolutions?evo_id=310,no-popular-players,0
311,Pinged Pass+,,pinged-pass,2025-09-18,2026-02-14,,REWARDS,expired,true,true,https://www.futbin.com/26/evolutions/311/pinged-pass,https://www.futbin.com/26/popular/evolutions?evo_id=311,no-popular-players,0
312,Ultimate Fullback,,ultimate-fullback,2025-09-18,2026-02-14,,EVOLUTIONS,expired,true,true,https://www.futbin.com/26/evolutions/312/ultimate-fullback,https://www.futbin.com/26/popular/evolutions?evo_id=312,no-popular-players,0
313,Ultimate Fullback,,ultimate-fullback,2025-09-18,2026-02-14,,EVOLUTIONS,expired,true,true,https://www.futbin.com/26/evolutions/313/ultimate-fullback,https://www.futbin.com/26/popular/evolutions?evo_id=313,no-popular-players,0
314,Block Party,,block-party,2025-09-18,2026-02-14,,EVOLUTIONS,expired,true,true,https://www.futbin.com/26/evolutions/314/block-party,https://www.futbin.com/26/popular/evolutions?evo_id=314,no-popular-players,0
315,Golden Gloves,,golden-gloves,2025-09-18,2026-02-14,,EVOLUTIONS,expired,,true,https://www.futbin.com/26/evolutions/315/golden-gloves,https://www.futbin.com/26/popular/evolutions?evo_id=315,no-popular-players,0
316,Defensive Instincts,,defensive-instincts,2025-09-18,2026-02-14,,REWARDS,expired,true,true,https://www.futbin.com/26/evolutions/316/defensive-instincts,https://www.futbin.com/26/popular/evolutions?evo_id=316,no-popular-players,0
317,Inside Edge,,inside-edge,2025-09-18,2026-02-14,,EVOLUTIONS,expired,,true,https://www.futbin.com/26/evolutions/317/inside-edge,https://www.futbin.com/26/popular/evolutions?evo_id=317,no-popular-players,0
318,Get Stuck In,,get-stuck-in,2025-09-18,2026-02-14,,EVOLUTIONS,expired,true,2,https://www.futbin.com/26/evolutions/318/get-stuck-in,https://www.futbin.com/26/popular/evolutions?evo_id=318,no-popular-players,0
319,TOTY HM Press Proven+,,toty-hm-press-proven,2025-09-18,2026-02-14,,BUILD YOUR TOTY HM,expired,true,true,https://www.futbin.com/26/evolutions/319/toty-hm-press-proven,https://www.futbin.com/26/popular/evolutions?evo_id=319,no-popular-players,0
320,TOTY HM First Touch+,,toty-hm-first-touch,2025-09-18,2026-02-14,,BUILD YOUR TOTY HM,expired,true,true,https://www.futbin.com/26/evolutions/320/toty-hm-first-touch,https://www.futbin.com/26/popular/evolutions?evo_id=320,no-popular-players,0
321,TOTY HM Long Ball Pass+,,toty-hm-long-ball-pass,2025-09-18,2026-02-14,,BUILD YOUR TOTY HM,expired,true,true,https://www.futbin.com/26/evolutions/321/toty-hm-long-ball-pass,https://www.futbin.com/26/popular/evolutions?evo_id=321,no-popular-players,0
322,Swift Footwork,,swift-footwork,2025-09-18,2026-02-14,,REWARDS,expired,true,true,https://www.futbin.com/26/evolutions/322/swift-footwork,https://www.futbin.com/26/popular/evolutions?evo_id=322,no-popular-players,0
323,Let me be Franck,,let-me-be-franck,2025-09-18,2026-02-14,,EVOLUTIONS,expired,,true,https://www.futbin.com/26/evolutions/323/let-me-be-franck,https://www.futbin.com/26/popular/evolutions?evo_id=323,no-popular-players,0
324,TOTY Icon,,toty-icon,2025-09-18,2026-02-14,,COSMETICS,expired,,2,https://www.futbin.com/26/evolutions/324/toty-icon,https://www.futbin.com/26/popular/evolutions?evo_id=324,no-popular-players,0
325,TOTY Honourable Mentions,,toty-honourable-mentions,2025-09-18,2026-02-14,,COSMETICS,expired,,2,https://www.futbin.com/26/evolutions/325/toty-honourable-mentions,https://www.futbin.com/26/popular/evolutions?evo_id=325,no-popular-players,0
329,Pristine Control,,pristine-control,2025-09-18,2026-02-14,,REWARDS,expired,true,true,https://www.futbin.com/26/evolutions/329/pristine-control,https://www.futbin.com/26/popular/evolutions?evo_id=329,no-popular-players,0
330,Power Play,,power-play,2025-09-18,2026-02-14,,EVOLUTIONS,expired,,2,https://www.futbin.com/26/evolutions/330/power-play,https://www.futbin.com/26/popular/evolutions?evo_id=330,no-popular-players,0
331,Get Low,,get-low,2025-09-18,2026-02-14,,REWARDS,expired,true,true,https://www.futbin.com/26/evolutions/331/get-low,https://www.futbin.com/26/popular/evolutions?evo_id=331,no-popular-players,0
332,The Crab Walk,,the-crab-walk,2025-09-18,2026-02-14,,EVOLUTIONS,expired,true,2,https://www.futbin.com/26/evolutions/332/the-crab-walk,https://www.futbin.com/26/popular/evolutions?evo_id=332,no-popular-players,0
333,Creative Director,,creative-director,2025-09-18,2026-02-14,,EVOLUTIONS,expired,true,2,https://www.futbin.com/26/evolutions/333/creative-director,https://www.futbin.com/26/popular/evolutions?evo_id=333,no-popular-players,0
334,Explode Into Space,,explode-into-space,2025-09-18,2026-02-14,,REWARDS,expired,true,true,https://www.futbin.com/26/evolutions/334/explode-into-space,https://www.futbin.com/26/popular/evolutions?evo_id=334,no-popular-players,0
335,Line Breaker,,line-breaker,2025-09-18,2026-02-14,,EVOLUTIONS,expired,true,true,https://www.futbin.com/26/evolutions/335/line-breaker,https://www.futbin.com/26/popular/evolutions?evo_id=335,no-popular-players,0
336,Sharpshooter - Season 5 Lvl 8,,sharpshooter-season-5-lvl-8,2025-09-18,2026-02-14,,REWARDS,expired,true,true,https://www.futbin.com/26/evolutions/336/sharpshooter-season-5-lvl-8,https://www.futbin.com/26/popular/evolutions?evo_id=336,no-popular-players,0
339,Dribble Mastery - Season 5 Lvl 8,,dribble-mastery-season-5-lvl-8,2025-09-18,2026-02-14,,REWARDS,expired,true,true,https://www.futbin.com/26/evolutions/339/dribble-mastery-season-5-lvl-8,https://www.futbin.com/26/popular/evolutions?evo_id=339,no-popular-players,0
340,Burst Boost - Season 5 (p) Lvl 10,,burst-boost-season-5-p-lvl-10,2025-09-18,2026-02-14,,REWARDS,expired,true,2,https://www.futbin.com/26/evolutions/340/burst-boost-season-5-p-lvl-10,https://www.futbin.com/26/popular/evolutions?evo_id=340,no-popular-players,0
341,Wall in the Back - Season 5 (p) Lvl 13,,wall-in-the-back-season-5-p-lvl-13,2025-09-18,2026-02-14,,REWARDS,expired,true,2,https://www.futbin.com/26/evolutions/341/wall-in-the-back-season-5-p-lvl-13,https://www.futbin.com/26/popular/evolutions?evo_id=341,no-popular-players,0
342,CAM Command - Season 5 (p) Lvl 18,,cam-command-season-5-p-lvl-18,2025-09-18,2026-02-14,,REWARDS,expired,true,true,https://www.futbin.com/26/evolutions/342/cam-command-season-5-p-lvl-18,https://www.futbin.com/26/popular/evolutions?evo_id=342,no-popular-players,0
343,Versatile Striker - Season 5 (p) Lvl 18,,versatile-striker-season-5-p-lvl-18,2025-09-18,2026-02-14,,REWARDS,expired,true,true,https://www.futbin.com/26/evolutions/343/versatile-striker-season-5-p-lvl-18,https://www.futbin.com/26/popular/evolutions?evo_id=343,no-popular-players,0
344,Intercept Engine - Season 5 Lvl 21,,intercept-engine-season-5-lvl-21,2025-09-18,2026-02-14,,REWARDS,expired,true,true,https://www.futbin.com/26/evolutions/344/intercept-engine-season-5-lvl-21,https://www.futbin.com/26/popular/evolutions?evo_id=344,no-popular-players,0
345,Precision Passer - Season 5 (p) Lvl 1,,precision-passer-season-5-p-lvl-1,2025-09-18,2026-02-14,,REWARDS,expired,true,10,https://www.futbin.com/26/evolutions/345/precision-passer-season-5-p-lvl-1,https://www.futbin.com/26/popular/evolutions?evo_id=345,no-popular-players,0
346,Relentless Shield - Season 5 Lvl 21,,relentless-shield-season-5-lvl-21,2025-09-18,2026-02-14,,REWARDS,expired,true,true,https://www.futbin.com/26/evolutions/346/relentless-shield-season-5-lvl-21,https://www.futbin.com/26/popular/evolutions?evo_id=346,no-popular-players,0
347,Bulking Season - Season 5 (p) Lvl 24,,bulking-season-season-5-p-lvl-24,2025-09-18,2026-02-14,,REWARDS,expired,true,2,https://www.futbin.com/26/evolutions/347/bulking-season-season-5-p-lvl-24,https://www.futbin.com/26/popular/evolutions?evo_id=347,no-popular-players,0
348,New Spark - Season 5 Lvl 28,,new-spark-season-5-lvl-28,2025-09-18,2026-02-14,,REWARDS,expired,true,true,https://www.futbin.com/26/evolutions/348/new-spark-season-5-lvl-28,https://www.futbin.com/26/popular/evolutions?evo_id=348,no-popular-players,0
349,Anticipate+ - Season 5 (p) Lvl 28,,anticipate-season-5-p-lvl-28,2025-09-18,2026-02-14,,REWARDS,expired,true,true,https://www.futbin.com/26/evolutions/349/anticipate-season-5-p-lvl-28,https://www.futbin.com/26/popular/evolutions?evo_id=349,no-popular-players,0
350,In All Areas - Season 5 (p) Lvl 26,,in-all-areas-season-5-p-lvl-26,2025-09-18,2026-02-14,,REWARDS,expired,true,true,https://www.futbin.com/26/evolutions/350/in-all-areas-season-5-p-lvl-26,https://www.futbin.com/26/popular/evolutions?evo_id=350,no-popular-players,0
351,The Tiki Tactician,,the-tiki-tactician,2025-09-18,2026-02-14,,EVOLUTIONS,expired,,true,https://www.futbin.com/26/evolutions/351/the-tiki-tactician,https://www.futbin.com/26/popular/evolutions?evo_id=351,no-popular-players,0
352,FS Academy Debut Attackers,,fs-academy-debut-attackers,2025-09-18,2026-02-14,,FS ACADEMY,expired,true,2,https://www.futbin.com/26/evolutions/352/fs-academy-debut-attackers,https://www.futbin.com/26/popular/evolutions?evo_id=352,no-popular-players,0
353,FS Academy Debut Midfielders,,fs-academy-debut-midfielders,2025-09-18,2026-02-14,,FS ACADEMY,expired,true,2,https://www.futbin.com/26/evolutions/353/fs-academy-debut-midfielders,https://www.futbin.com/26/popular/evolutions?evo_id=353,no-popular-players,0
354,FS Academy Debut Defender,,fs-academy-debut-defender,2025-09-18,2026-02-14,,FS ACADEMY,expired,true,2,https://www.futbin.com/26/evolutions/354/fs-academy-debut-defender,https://www.futbin.com/26/popular/evolutions?evo_id=354,no-popular-players,0
355,LB Roles++,,lb-roles,2025-09-18,2026-02-14,,FS ACADEMY - ROLES,expired,true,2,https://www.futbin.com/26/evolutions/355/lb-roles,https://www.futbin.com/26/popular/evolutions?evo_id=355,no-popular-players,0
356,CM Roles++,,cm-roles,2025-09-18,2026-02-14,,FS ACADEMY - ROLES,expired,true,2,https://www.futbin.com/26/evolutions/356/cm-roles,https://www.futbin.com/26/popular/evolutions?evo_id=356,no-popular-players,0
357,RB Roles++,,rb-roles,2025-09-18,2026-02-14,,FS ACADEMY - ROLES,expired,true,2,https://www.futbin.com/26/evolutions/357/rb-roles,https://www.futbin.com/26/popular/evolutions?evo_id=357,no-popular-players,0
358,CDM Roles++,,cdm-roles,2025-09-18,2026-02-14,,FS ACADEMY - ROLES,expired,true,2,https://www.futbin.com/26/evolutions/358/cdm-roles,https://www.futbin.com/26/popular/evolutions?evo_id=358,no-popular-players,0
359,CB Roles++,,cb-roles,2025-09-18,2026-02-14,,FS ACADEMY - ROLES,expired,true,2,https://www.futbin.com/26/evolutions/359/cb-roles,https://www.futbin.com/26/popular/evolutions?evo_id=359,no-popular-players,0
360,LW Roles++,,lw-roles,2025-09-18,2026-02-14,,FS ACADEMY - ROLES,expired,true,2,https://www.futbin.com/26/evolutions/360/lw-roles,https://www.futbin.com/26/popular/evolutions?evo_id=360,no-popular-players,0
361,LM Roles++,,lm-roles,2025-09-18,2026-02-14,,FS ACADEMY - ROLES,expired,true,2,https://www.futbin.com/26/evolutions/361/lm-roles,https://www.futbin.com/26/popular/evolutions?evo_id=361,no-popular-players,0
362,ST Roles++,,st-roles,2025-09-18,2026-02-14,,FS ACADEMY - ROLES,expired,true,2,https://www.futbin.com/26/evolutions/362/st-roles,https://www.futbin.com/26/popular/evolutions?evo_id=362,no-popular-players,0
363,CAM Roles++,,cam-roles,2025-09-18,2026-02-14,,FS ACADEMY - ROLES,expired,true,2,https://www.futbin.com/26/evolutions/363/cam-roles,https://www.futbin.com/26/popular/evolutions?evo_id=363,no-popular-players,0
364,RM Roles++,,rm-roles,2025-09-18,2026-02-14,,FS ACADEMY - ROLES,expired,true,2,https://www.futbin.com/26/evolutions/364/rm-roles,https://www.futbin.com/26/popular/evolutions?evo_id=364,no-popular-players,0
365,RW Roles++,,rw-roles,2025-09-18,2026-02-14,,FS ACADEMY - ROLES,expired,true,2,https://www.futbin.com/26/evolutions/365/rw-roles,https://www.futbin.com/26/popular/evolutions?evo_id=365,no-popular-players,0
366,FS Academy Contract,,fs-academy-contract,2025-09-18,2026-02-14,,FS ACADEMY,expired,true,true,https://www.futbin.com/26/evolutions/366/fs-academy-contract,https://www.futbin.com/26/popular/evolutions?evo_id=366,no-popular-players,0
370,Jockey,,jockey,2025-09-18,2026-02-14,,REWARDS,expired,true,true,https://www.futbin.com/26/evolutions/370/jockey,https://www.futbin.com/26/popular/evolutions?evo_id=370,no-popular-players,0
371,Quick Step,,quick-step,2025-09-18,2026-02-14,,REWARDS,expired,true,true,https://www.futbin.com/26/evolutions/371/quick-step,https://www.futbin.com/26/popular/evolutions?evo_id=371,no-popular-players,0
372,Tiki Taka+,,tiki-taka,2025-09-18,2026-02-14,,REWARDS,expired,true,true,https://www.futbin.com/26/evolutions/372/tiki-taka,https://www.futbin.com/26/popular/evolutions?evo_id=372,no-popular-players,0
373,Iconic Defender Glow Up,,iconic-defender-glow-up,2025-09-18,2026-02-14,,REWARDS,expired,true,true,https://www.futbin.com/26/evolutions/373/iconic-defender-glow-up,https://www.futbin.com/26/popular/evolutions?evo_id=373,no-popular-players,0
374,Weak Foot Upgrade,,weak-foot-upgrade,2025-09-18,2026-02-14,,FS ACADEMY,expired,true,2,https://www.futbin.com/26/evolutions/374/weak-foot-upgrade,https://www.futbin.com/26/popular/evolutions?evo_id=374,no-popular-players,0
375,Skill Moves Upgrade,,skill-moves-upgrade,2025-09-18,2026-02-14,,FS ACADEMY,expired,true,2,https://www.futbin.com/26/evolutions/375/skill-moves-upgrade,https://www.futbin.com/26/popular/evolutions?evo_id=375,no-popular-players,0
376,CAM & Roles++,,cam--roles,2025-09-18,2026-02-14,,REWARDS,expired,true,true,https://www.futbin.com/26/evolutions/376/cam--roles,https://www.futbin.com/26/popular/evolutions?evo_id=376,no-popular-players,0
377,Iconic Attacker Glow Up,,iconic-attacker-glow-up,2025-09-18,2026-02-14,,REWARDS,expired,true,true,https://www.futbin.com/26/evolutions/377/iconic-attacker-glow-up,https://www.futbin.com/26/popular/evolutions?evo_id=377,no-popular-players,0
378,Tiki Taka+,,tiki-taka,2025-09-18,2026-02-14,,REWARDS,expired,true,true,https://www.futbin.com/26/evolutions/378/tiki-taka,https://www.futbin.com/26/popular/evolutions?evo_id=378,no-popular-players,0
379,Trickster,,trickster,2025-09-18,2026-02-14,,FS ACADEMY,expired,true,true,https://www.futbin.com/26/evolutions/379/trickster,https://www.futbin.com/26/popular/evolutions?evo_id=379,no-popular-players,0
380,Tiki Taka,,tiki-taka,2025-09-18,2026-02-14,,FS ACADEMY,expired,true,true,https://www.futbin.com/26/evolutions/380/tiki-taka,https://www.futbin.com/26/popular/evolutions?evo_id=380,no-popular-players,0
381,Gamechanger,,gamechanger,2025-09-18,2026-02-14,,FS ACADEMY,expired,true,true,https://www.futbin.com/26/evolutions/381/gamechanger,https://www.futbin.com/26/popular/evolutions?evo_id=381,no-popular-players,0
382,Bruiser,,bruiser,2025-09-18,2026-02-14,,FS ACADEMY,expired,true,true,https://www.futbin.com/26/evolutions/382/bruiser,https://www.futbin.com/26/popular/evolutions?evo_id=382,no-popular-players,0
383,Low Driven,,low-driven,2025-09-18,2026-02-14,,FS ACADEMY,expired,true,true,https://www.futbin.com/26/evolutions/383/low-driven,https://www.futbin.com/26/popular/evolutions?evo_id=383,no-popular-players,0
384,Aerial Fortress,,aerial-fortress,2025-09-18,2026-02-14,,FS ACADEMY,expired,true,true,https://www.futbin.com/26/evolutions/384/aerial-fortress,https://www.futbin.com/26/popular/evolutions?evo_id=384,no-popular-players,0
385,Whipped Pass,,whipped-pass,2025-09-18,2026-02-14,,FS ACADEMY,expired,true,true,https://www.futbin.com/26/evolutions/385/whipped-pass,https://www.futbin.com/26/popular/evolutions?evo_id=385,no-popular-players,0
389,Slide Tackle,,slide-tackle,2025-09-18,2026-02-14,,FS ACADEMY,expired,true,true,https://www.futbin.com/26/evolutions/389/slide-tackle,https://www.futbin.com/26/popular/evolutions?evo_id=389,no-popular-players,0
390,Dead Ball,,dead-ball,2025-09-18,2026-02-14,,FS ACADEMY,expired,true,true,https://www.futbin.com/26/evolutions/390/dead-ball,https://www.futbin.com/26/popular/evolutions?evo_id=390,no-popular-players,0
394,Relentless,,relentless,2025-09-18,2026-02-14,,FS ACADEMY,expired,true,true,https://www.futbin.com/26/evolutions/394/relentless,https://www.futbin.com/26/popular/evolutions?evo_id=394,no-popular-players,0
395,Precision Header,,precision-header,2025-09-18,2026-02-14,,FS ACADEMY,expired,true,true,https://www.futbin.com/26/evolutions/395/precision-header,https://www.futbin.com/26/popular/evolutions?evo_id=395,no-popular-players,0
396,Chip Shot,,chip-shot,2025-09-18,2026-02-14,,FS ACADEMY,expired,true,true,https://www.futbin.com/26/evolutions/396/chip-shot,https://www.futbin.com/26/popular/evolutions?evo_id=396,no-popular-players,0
397,Acrobatic,,acrobatic,2025-09-18,2026-02-14,,EVOLUTIONS,expired,true,true,https://www.futbin.com/26/evolutions/397/acrobatic,https://www.futbin.com/26/popular/evolutions?evo_id=397,no-popular-players,0
398,Power Shot,,power-shot,2025-09-18,2026-02-14,,FS ACADEMY,expired,true,true,https://www.futbin.com/26/evolutions/398/power-shot,https://www.futbin.com/26/popular/evolutions?evo_id=398,no-popular-players,0
399,Inventive,,inventive,2025-09-18,2026-02-14,,FS ACADEMY,expired,true,true,https://www.futbin.com/26/evolutions/399/inventive,https://www.futbin.com/26/popular/evolutions?evo_id=399,no-popular-players,0
400,Long Throw,,long-throw,2025-09-18,2026-02-14,,FS ACADEMY,expired,true,true,https://www.futbin.com/26/evolutions/400/long-throw,https://www.futbin.com/26/popular/evolutions?evo_id=400,no-popular-players,0
401,Block,,block,2025-09-18,2026-02-14,,FS ACADEMY,expired,true,true,https://www.futbin.com/26/evolutions/401/block,https://www.futbin.com/26/popular/evolutions?evo_id=401,no-popular-players,0
403,Rapid+,,rapid,2025-09-18,2026-02-14,,FS ACADEMY,expired,true,true,https://www.futbin.com/26/evolutions/403/rapid,https://www.futbin.com/26/popular/evolutions?evo_id=403,no-popular-players,0
404,Quick Step+,,quick-step,2025-09-18,2026-02-14,,FS ACADEMY,expired,true,true,https://www.futbin.com/26/evolutions/404/quick-step,https://www.futbin.com/26/popular/evolutions?evo_id=404,no-popular-players,0
405,Incisive Pass+,,incisive-pass,2025-09-18,2026-02-14,,FS ACADEMY,expired,true,true,https://www.futbin.com/26/evolutions/405/incisive-pass,https://www.futbin.com/26/popular/evolutions?evo_id=405,no-popular-players,0
406,Intercept+,,intercept,2025-09-18,2026-02-14,,FS ACADEMY,expired,true,true,https://www.futbin.com/26/evolutions/406/intercept,https://www.futbin.com/26/popular/evolutions?evo_id=406,no-popular-players,0
410,Finesse Shot+,,finesse-shot,2025-09-18,2026-02-14,,FS ACADEMY,expired,true,true,https://www.futbin.com/26/evolutions/410/finesse-shot,https://www.futbin.com/26/popular/evolutions?evo_id=410,no-popular-players,0
411,Anticipate+,,anticipate,2025-09-18,2026-02-14,,FS ACADEMY,expired,true,true,https://www.futbin.com/26/evolutions/411/anticipate,https://www.futbin.com/26/popular/evolutions?evo_id=411,no-popular-players,0
412,Future No.1,,future-no1,2025-09-18,2026-02-14,,EVOLUTIONS,expired,,true,https://www.futbin.com/26/evolutions/412/future-no1,https://www.futbin.com/26/popular/evolutions?evo_id=412,no-popular-players,0
413,Future Stars Academy RW/LW First XI,,future-stars-academy-rwlw-first-xi,2025-09-18,2026-02-14,,FS ACADEMY,expired,true,2,https://www.futbin.com/26/evolutions/413/future-stars-academy-rwlw-first-xi,https://www.futbin.com/26/popular/evolutions?evo_id=413,no-popular-players,0
414,Future Stars Academy LM/RM First XI,,future-stars-academy-lmrm-first-xi,2025-09-18,2026-02-14,,FS ACADEMY,expired,true,2,https://www.futbin.com/26/evolutions/414/future-stars-academy-lmrm-first-xi,https://www.futbin.com/26/popular/evolutions?evo_id=414,no-popular-players,0
415,Future Stars Academy CB First XI,,future-stars-academy-cb-first-xi,2025-09-18,2026-02-14,,FS ACADEMY,expired,true,2,https://www.futbin.com/26/evolutions/415/future-stars-academy-cb-first-xi,https://www.futbin.com/26/popular/evolutions?evo_id=415,no-popular-players,0
416,Future Stars Academy CM/CDM First XI,,future-stars-academy-cmcdm-first-xi,2025-09-18,2026-02-14,,FS ACADEMY,expired,true,2,https://www.futbin.com/26/evolutions/416/future-stars-academy-cmcdm-first-xi,https://www.futbin.com/26/popular/evolutions?evo_id=416,no-popular-players,0
417,Future Stars Academy CM/CAM First XI,,future-stars-academy-cmcam-first-xi,2025-09-18,2026-02-14,,FS ACADEMY,expired,true,2,https://www.futbin.com/26/evolutions/417/future-stars-academy-cmcam-first-xi,https://www.futbin.com/26/popular/evolutions?evo_id=417,no-popular-players,0
418,Future Stars Academy ST First XI,,future-stars-academy-st-first-xi,2025-09-18,2026-02-14,,FS ACADEMY,expired,true,2,https://www.futbin.com/26/evolutions/418/future-stars-academy-st-first-xi,https://www.futbin.com/26/popular/evolutions?evo_id=418,no-popular-players,0
419,FS Academy Club Legend Attackers,,fs-academy-club-legend-attackers,2025-09-18,2026-02-14,,FS ACADEMY,expired,true,2,https://www.futbin.com/26/evolutions/419/fs-academy-club-legend-attackers,https://www.futbin.com/26/popular/evolutions?evo_id=419,no-popular-players,0
420,FS Academy Club Legend Defenders,,fs-academy-club-legend-defenders,2025-09-18,2026-02-14,,FS ACADEMY,expired,true,2,https://www.futbin.com/26/evolutions/420/fs-academy-club-legend-defenders,https://www.futbin.com/26/popular/evolutions?evo_id=420,no-popular-players,0
421,FS Academy Club Legend Midfielders,,fs-academy-club-legend-midfielders,2025-09-18,2026-02-14,,FS ACADEMY,expired,true,2,https://www.futbin.com/26/evolutions/421/fs-academy-club-legend-midfielders,https://www.futbin.com/26/popular/evolutions?evo_id=421,no-popular-players,0
422,Future Stars Academy LB/RB First XI,,future-stars-academy-lbrb-first-xi,2025-09-18,2026-02-14,,FS ACADEMY,expired,true,2,https://www.futbin.com/26/evolutions/422/future-stars-academy-lbrb-first-xi,https://www.futbin.com/26/popular/evolutions?evo_id=422,no-popular-players,0
423,Pinged Pass+,,pinged-pass,2025-09-18,2026-02-14,,FS ACADEMY,expired,true,true,https://www.futbin.com/26/evolutions/423/pinged-pass,https://www.futbin.com/26/popular/evolutions?evo_id=423,no-popular-players,0
424,Technical+,,technical,2025-09-18,2026-02-14,,FS ACADEMY,expired,true,true,https://www.futbin.com/26/evolutions/424/technical,https://www.futbin.com/26/popular/evolutions?evo_id=424,no-popular-players,0
425,First Touch+,,first-touch,2025-09-18,2026-02-14,,FS ACADEMY,expired,true,true,https://www.futbin.com/26/evolutions/425/first-touch,https://www.futbin.com/26/popular/evolutions?evo_id=425,no-popular-players,0
426,Jockey+,,jockey,2025-09-18,2026-02-14,,FS ACADEMY,expired,true,true,https://www.futbin.com/26/evolutions/426/jockey,https://www.futbin.com/26/popular/evolutions?evo_id=426,no-popular-players,0
428,Press Proven+,,press-proven,2025-09-18,2026-02-14,,FS ACADEMY,expired,true,true,https://www.futbin.com/26/evolutions/428/press-proven,https://www.futbin.com/26/popular/evolutions?evo_id=428,no-popular-players,0
429,Long Ball Pass+,,long-ball-pass,2025-09-18,2026-02-14,,FS ACADEMY,expired,true,true,https://www.futbin.com/26/evolutions/429/long-ball-pass,https://www.futbin.com/26/popular/evolutions?evo_id=429,no-popular-players,0
430,Up in the Air,,up-in-the-air,2025-09-18,2026-02-14,,EVOLUTIONS,expired,true,true,https://www.futbin.com/26/evolutions/430/up-in-the-air,https://www.futbin.com/26/popular/evolutions?evo_id=430,no-popular-players,0
431,5* Weak Foot,,5-weak-foot,2025-09-18,2026-02-14,,FS ACADEMY,expired,true,true,https://www.futbin.com/26/evolutions/431/5-weak-foot,https://www.futbin.com/26/popular/evolutions?evo_id=431,no-popular-players,0
436,Intercept,,intercept,2025-09-18,2026-02-14,,REWARDS,expired,true,true,https://www.futbin.com/26/evolutions/436/intercept,https://www.futbin.com/26/popular/evolutions?evo_id=436,no-popular-players,0
437,Rapid+,,rapid,2025-09-18,2026-02-14,,REWARDS,expired,true,true,https://www.futbin.com/26/evolutions/437/rapid,https://www.futbin.com/26/popular/evolutions?evo_id=437,no-popular-players,0
438,5* Skill Moves,,5-skill-moves,2025-09-18,2026-02-14,,FS ACADEMY,expired,true,true,https://www.futbin.com/26/evolutions/438/5-skill-moves,https://www.futbin.com/26/popular/evolutions?evo_id=438,no-popular-players,0
439,Incisive Pass+,,incisive-pass,2025-09-18,2026-02-14,,REWARDS,expired,true,true,https://www.futbin.com/26/evolutions/439/incisive-pass,https://www.futbin.com/26/popular/evolutions?evo_id=439,no-popular-players,0
440,Agile Maestro,,agile-maestro,2025-09-18,2026-02-14,,REWARDS,expired,true,5,https://www.futbin.com/26/evolutions/440/agile-maestro,https://www.futbin.com/26/popular/evolutions?evo_id=440,no-popular-players,0
441,Link-Up Boost,,link-up-boost,2025-09-18,2026-02-14,,EVOLUTIONS,expired,,true,https://www.futbin.com/26/evolutions/441/link-up-boost,https://www.futbin.com/26/popular/evolutions?evo_id=441,no-popular-players,0
442,Technical Institute,,technical-institute,2025-09-18,2026-02-14,,EVOLUTIONS,expired,true,2,https://www.futbin.com/26/evolutions/442/technical-institute,https://www.futbin.com/26/popular/evolutions?evo_id=442,no-popular-players,0
443,Meeks Mode,,meeks-mode,2025-09-18,2026-02-14,,EVOLUTIONS,expired,,true,https://www.futbin.com/26/evolutions/443/meeks-mode,https://www.futbin.com/26/popular/evolutions?evo_id=443,no-popular-players,0
447,Anticipate,,anticipate,2025-09-18,2026-02-14,,REWARDS,expired,true,true,https://www.futbin.com/26/evolutions/447/anticipate,https://www.futbin.com/26/popular/evolutions?evo_id=447,no-popular-players,0
448,Jockey+,,jockey,2025-09-18,2026-02-14,,REWARDS,expired,true,true,https://www.futbin.com/26/evolutions/448/jockey,https://www.futbin.com/26/popular/evolutions?evo_id=448,no-popular-players,0
449,5 Stars Skill Moves Upgrade,,5-stars-skill-moves-upgrade,2025-09-18,2026-02-14,,FS ACADEMY,expired,true,2,https://www.futbin.com/26/evolutions/449/5-stars-skill-moves-upgrade,https://www.futbin.com/26/popular/evolutions?evo_id=449,no-popular-players,0
450,5 Stars Weak Foot Upgrade,,5-stars-weak-foot-upgrade,2025-09-18,2026-02-14,,FS ACADEMY,expired,true,2,https://www.futbin.com/26/evolutions/450/5-stars-weak-foot-upgrade,https://www.futbin.com/26/popular/evolutions?evo_id=450,no-popular-players,0
451,Future Stars Academy II,,future-stars-academy-ii,2025-09-18,2026-02-14,,FS ACADEMY,expired,true,true,https://www.futbin.com/26/evolutions/451/future-stars-academy-ii,https://www.futbin.com/26/popular/evolutions?evo_id=451,no-popular-players,0
452,Finesse Shot,,finesse-shot,2025-09-18,2026-02-14,,REWARDS,expired,true,true,https://www.futbin.com/26/evolutions/452/finesse-shot,https://www.futbin.com/26/popular/evolutions?evo_id=452,no-popular-players,0
453,Hold & Play,,hold--play,2025-09-18,2026-02-14,,EVOLUTIONS,expired,true,2,https://www.futbin.com/26/evolutions/453/hold--play,https://www.futbin.com/26/popular/evolutions?evo_id=453,no-popular-players,0
454,Future Stars,,future-stars,2025-09-18,2026-02-14,,COSMETICS,expired,,2,https://www.futbin.com/26/evolutions/454/future-stars,https://www.futbin.com/26/popular/evolutions?evo_id=454,no-popular-players,0
455,The Prince from Arenys,,the-prince-from-arenys,2025-09-18,2026-02-14,,EVOLUTIONS,expired,,true,https://www.futbin.com/26/evolutions/455/the-prince-from-arenys,https://www.futbin.com/26/popular/evolutions?evo_id=455,no-popular-players,0
456,Pinged Pass,,pinged-pass,2025-09-18,2026-02-14,,REWARDS,expired,true,true,https://www.futbin.com/26/evolutions/456/pinged-pass,https://www.futbin.com/26/popular/evolutions?evo_id=456,no-popular-players,0
457,Make the Link,,make-the-link,2025-09-18,2026-02-14,,EVOLUTIONS,expired,true,10,https://www.futbin.com/26/evolutions/457/make-the-link,https://www.futbin.com/26/popular/evolutions?evo_id=457,no-popular-players,0
458,The Duck,,the-duck,2025-09-18,2026-02-14,,EVOLUTIONS,expired,true,true,https://www.futbin.com/26/evolutions/458/the-duck,https://www.futbin.com/26/popular/evolutions?evo_id=458,no-popular-players,0
459,Shove Off,,shove-off,2025-09-18,2026-02-14,,EVOLUTIONS,expired,true,2,https://www.futbin.com/26/evolutions/459/shove-off,https://www.futbin.com/26/popular/evolutions?evo_id=459,no-popular-players,0
460,That Ball is Mine,,that-ball-is-mine,2025-09-18,2026-02-14,,EVOLUTIONS,expired,true,2,https://www.futbin.com/26/evolutions/460/that-ball-is-mine,https://www.futbin.com/26/popular/evolutions?evo_id=460,no-popular-players,0
461,Crowned Maestro,,crowned-maestro,2025-09-18,2026-02-14,,EVOLUTIONS,expired,,true,https://www.futbin.com/26/evolutions/461/crowned-maestro,https://www.futbin.com/26/popular/evolutions?evo_id=461,no-popular-players,0
462,GK Roles++,,gk-roles,2025-09-18,2026-02-14,,ROLES,expired,,5,https://www.futbin.com/26/evolutions/462/gk-roles,https://www.futbin.com/26/popular/evolutions?evo_id=462,no-popular-players,0
463,LB Roles++,,lb-roles,2025-09-18,2026-02-14,,ROLES,expired,,5,https://www.futbin.com/26/evolutions/463/lb-roles,https://www.futbin.com/26/popular/evolutions?evo_id=463,no-popular-players,0
464,RB Roles++,,rb-roles,2025-09-18,2026-02-14,,ROLES,expired,,5,https://www.futbin.com/26/evolutions/464/rb-roles,https://www.futbin.com/26/popular/evolutions?evo_id=464,no-popular-players,0
465,CB Roles++,,cb-roles,2025-09-18,2026-02-14,,ROLES,expired,,5,https://www.futbin.com/26/evolutions/465/cb-roles,https://www.futbin.com/26/popular/evolutions?evo_id=465,no-popular-players,0
466,CDM Roles++,,cdm-roles,2025-09-18,2026-02-14,,ROLES,expired,,5,https://www.futbin.com/26/evolutions/466/cdm-roles,https://www.futbin.com/26/popular/evolutions?evo_id=466,no-popular-players,0
467,CM Roles++,,cm-roles,2025-09-18,2026-02-14,,ROLES,expired,,5,https://www.futbin.com/26/evolutions/467/cm-roles,https://www.futbin.com/26/popular/evolutions?evo_id=467,no-popular-players,0
468,LW Roles++,,lw-roles,2025-09-18,2026-02-14,,ROLES,expired,,5,https://www.futbin.com/26/evolutions/468/lw-roles,https://www.futbin.com/26/popular/evolutions?evo_id=468,no-popular-players,0
469,RW Roles++,,rw-roles,2025-09-18,2026-02-14,,ROLES,expired,,5,https://www.futbin.com/26/evolutions/469/rw-roles,https://www.futbin.com/26/popular/evolutions?evo_id=469,no-popular-players,0
470,ST Roles++,,st-roles,2025-09-18,2026-02-14,,ROLES,expired,,5,https://www.futbin.com/26/evolutions/470/st-roles,https://www.futbin.com/26/popular/evolutions?evo_id=470,no-popular-players,0
471,LM Roles++,,lm-roles,2025-09-18,2026-02-14,,ROLES,expired,,5,https://www.futbin.com/26/evolutions/471/lm-roles,https://www.futbin.com/26/popular/evolutions?evo_id=471,no-popular-players,0
472,RM Roles++,,rm-roles,2025-09-18,2026-02-14,,ROLES,expired,,5,https://www.futbin.com/26/evolutions/472/rm-roles,https://www.futbin.com/26/popular/evolutions?evo_id=472,no-popular-players,0
473,CAM Roles++,,cam-roles,2025-09-18,2026-02-14,,ROLES,expired,,5,https://www.futbin.com/26/evolutions/473/cam-roles,https://www.futbin.com/26/popular/evolutions?evo_id=473,no-popular-players,0
474,Get your Protein,,get-your-protein,2025-09-18,2026-02-14,,EVOLUTIONS,expired,true,2,https://www.futbin.com/26/evolutions/474/get-your-protein,https://www.futbin.com/26/popular/evolutions?evo_id=474,no-popular-players,0
475,Knockout Royalty,,knockout-royalty,2025-09-18,2026-02-14,,COSMETICS,expired,,2,https://www.futbin.com/26/evolutions/475/knockout-royalty,https://www.futbin.com/26/popular/evolutions?evo_id=475,no-popular-players,0
476,Knockout Royalty Icon,,knockout-royalty-icon,2025-09-18,2026-02-14,,COSMETICS,expired,,2,https://www.futbin.com/26/evolutions/476/knockout-royalty-icon,https://www.futbin.com/26/popular/evolutions?evo_id=476,no-popular-players,0
477,Tiki Taka+,,tiki-taka,2025-09-18,2026-02-14,,REWARDS,expired,true,true,https://www.futbin.com/26/evolutions/477/tiki-taka,https://www.futbin.com/26/popular/evolutions?evo_id=477,no-popular-players,0
478,Block+,,block,2025-09-18,2026-02-14,,REWARDS,expired,true,true,https://www.futbin.com/26/evolutions/478/block,https://www.futbin.com/26/popular/evolutions?evo_id=478,no-popular-players,0
479,Bruiser+,,bruiser,2025-09-18,2026-02-14,,REWARDS,expired,true,true,https://www.futbin.com/26/evolutions/479/bruiser,https://www.futbin.com/26/popular/evolutions?evo_id=479,no-popular-players,0
480,Complete Fnisher,,complete-fnisher,2025-09-18,2026-02-14,,REWARDS,expired,true,true,https://www.futbin.com/26/evolutions/480/complete-fnisher,https://www.futbin.com/26/popular/evolutions?evo_id=480,no-popular-players,0
481,Positional Excellence,,positional-excellence,2025-09-18,2026-02-14,,REWARDS,expired,true,true,https://www.futbin.com/26/evolutions/481/positional-excellence,https://www.futbin.com/26/popular/evolutions?evo_id=481,no-popular-players,0
482,Inside Edge,,inside-edge,2025-09-18,2026-02-14,,REWARDS,active,true,true,https://www.futbin.com/26/evolutions/482/inside-edge,https://www.futbin.com/26/popular/evolutions?evo_id=482,no-popular-players,0
